OID_;ORIG_FID;FID_ne_50m_coastline_Tes_SymDiff_Buffer_10KM;FID_ne_50m_coastline_Test_Clip_Bufffer10km;FID_ne_50m_coastli_Testmap_ToPoly;Australia_elevation
1;2;1;-1;4;97
2;2;1;-1;4;444
3;2;1;-1;4;192
4;2;1;-1;4;141
5;2;1;-1;4;75
6;2;1;-1;4;22
7;2;1;-1;4;294
8;2;1;-1;4;219
9;2;1;-1;4;148
10;2;1;-1;4;154
11;2;1;-1;4;177
12;2;1;-1;4;179
13;2;1;-1;4;41
14;2;1;-1;4;135
15;2;1;-1;4;185
16;2;1;-1;4;151
17;2;1;-1;4;174
18;2;1;-1;4;19
19;2;1;-1;4;35
20;2;1;-1;4;40
21;2;1;-1;4;102
22;2;1;-1;4;35
23;2;1;-1;4;221
24;2;1;-1;4;249
25;2;1;-1;4;283
26;2;1;-1;4;689
27;2;1;-1;4;324
28;2;1;-1;4;610
29;2;1;-1;4;35
30;2;1;-1;4;194
31;2;1;-1;4;184
32;2;1;-1;4;172
33;2;1;-1;4;176
34;2;1;-1;4;206
35;2;1;-1;4;104
36;2;1;-1;4;207
37;2;1;-1;4;375
38;2;1;-1;4;307
39;2;1;-1;4;26
40;2;1;-1;4;78
41;2;1;-1;4;17
42;2;1;-1;4;0
43;2;1;-1;4;6
44;2;1;-1;4;36
45;2;1;-1;4;197
46;2;1;-1;4;134
47;2;1;-1;4;42
48;2;1;-1;4;7
49;2;1;-1;4;455
50;2;1;-1;4;191
51;2;1;-1;4;753
52;2;1;-1;4;1112
53;2;1;-1;4;307
54;2;1;-1;4;383
55;2;1;-1;4;268
56;2;1;-1;4;543
57;2;1;-1;4;430
58;2;1;-1;4;265
59;2;1;-1;4;6
60;2;1;-1;4;186
61;2;1;-1;4;439
62;2;1;-1;4;345
63;2;1;-1;4;236
64;2;1;-1;4;264
65;2;1;-1;4;367
66;2;1;-1;4;272
67;2;1;-1;4;94
68;2;1;-1;4;146
69;2;1;-1;4;29
70;2;1;-1;4;196
71;2;1;-1;4;136
72;2;1;-1;4;366
73;2;1;-1;4;730
74;2;1;-1;4;634
75;2;1;-1;4;572
76;2;1;-1;4;767
77;2;1;-1;4;108
78;2;1;-1;4;549
79;2;1;-1;4;222
80;2;1;-1;4;439
81;2;1;-1;4;327
82;2;1;-1;4;593
83;2;1;-1;4;269
84;2;1;-1;4;47
85;2;1;-1;4;152
86;2;1;-1;4;660
87;2;1;-1;4;500
88;2;1;-1;4;97
89;2;1;-1;4;319
90;2;1;-1;4;207
91;2;1;-1;4;55
92;2;1;-1;4;210
93;2;1;-1;4;10
94;1;1;-1;4;273
95;1;1;-1;4;98
96;2;1;-1;4;331
97;2;1;-1;4;220
98;2;1;-1;4;394
99;2;1;-1;4;89
100;2;1;-1;4;50
101;2;1;-1;4;45
102;2;1;-1;4;27
103;2;1;-1;4;161
104;2;1;-1;4;370
105;2;1;-1;4;411
106;2;1;-1;4;461
107;2;1;-1;4;195
108;2;1;-1;4;267
109;2;1;-1;4;200
110;2;1;-1;4;182
111;2;1;-1;4;282
112;2;1;-1;4;368
113;2;1;-1;4;226
114;2;1;-1;4;125
115;2;1;-1;4;86
116;2;1;-1;4;334
117;2;1;-1;4;107
118;2;1;-1;4;88
119;2;1;-1;4;156
120;2;1;-1;4;224
121;2;1;-1;4;216
122;2;1;-1;4;33
123;2;1;-1;4;43
124;2;1;-1;4;37
125;2;1;-1;4;142
126;2;1;-1;4;163
127;2;1;-1;4;273
128;2;1;-1;4;71
129;2;1;-1;4;149
130;2;1;-1;4;182
131;2;1;-1;4;93
132;2;1;-1;4;92
133;2;1;-1;4;89
134;2;1;-1;4;222
135;2;1;-1;4;153
136;2;1;-1;4;280
137;2;1;-1;4;236
138;2;1;-1;4;246
139;2;1;-1;4;209
140;2;1;-1;4;134
141;2;1;-1;4;98
142;2;1;-1;4;208
143;2;1;-1;4;46
144;2;1;-1;4;186
145;2;1;-1;4;219
146;2;1;-1;4;224
147;2;1;-1;4;272
148;2;1;-1;4;248
149;2;1;-1;4;182
150;2;1;-1;4;213
151;2;1;-1;4;228
152;2;1;-1;4;214
153;2;1;-1;4;143
154;2;1;-1;4;134
155;2;1;-1;4;108
156;2;1;-1;4;88
157;2;1;-1;4;103
158;2;1;-1;4;49
159;2;1;-1;4;45
160;2;1;-1;4;31
161;2;1;-1;4;25
162;2;1;-1;4;37
163;2;1;-1;4;20
164;2;1;-1;4;71
165;2;1;-1;4;78
166;2;1;-1;4;16
167;2;1;-1;4;67
168;2;1;-1;4;259
169;2;1;-1;4;415
170;2;1;-1;4;190
171;2;1;-1;4;94
172;2;1;-1;4;197
173;2;1;-1;4;186
174;2;1;-1;4;72
175;2;1;-1;4;102
176;2;1;-1;4;35
177;2;1;-1;4;30
178;2;1;-1;4;67
179;2;1;-1;4;89
180;2;1;-1;4;18
181;2;1;-1;4;86
182;2;1;-1;4;106
183;2;1;-1;4;183
184;2;1;-1;4;68
185;2;1;-1;4;98
186;2;1;-1;4;110
187;2;1;-1;4;60
188;2;1;-1;4;39
189;2;1;-1;4;116
190;2;1;-1;4;138
191;2;1;-1;4;73
192;2;1;-1;4;98
193;2;1;-1;4;38
194;2;1;-1;4;67
195;2;1;-1;4;116
196;2;1;-1;4;63
197;2;1;-1;4;34
198;2;1;-1;4;54
199;2;1;-1;4;63
200;2;1;-1;4;61
201;2;1;-1;4;72
202;2;1;-1;4;36
203;2;1;-1;4;69
204;2;1;-1;4;59
205;2;1;-1;4;82
206;2;1;-1;4;42
207;2;1;-1;4;169
208;2;1;-1;4;104
209;2;1;-1;4;33
210;2;1;-1;4;36
211;2;1;-1;4;60
212;2;1;-1;4;34
213;2;1;-1;4;62
214;2;1;-1;4;42
215;2;1;-1;4;19
216;2;1;-1;4;29
217;2;1;-1;4;48
218;2;1;-1;4;49
219;2;1;-1;4;73
220;2;1;-1;4;85
221;2;1;-1;4;108
222;2;1;-1;4;123
223;2;1;-1;4;62
224;2;1;-1;4;87
225;2;1;-1;4;306
226;2;1;-1;4;138
227;2;1;-1;4;91
228;2;1;-1;4;540
229;2;1;-1;4;257
230;2;1;-1;4;288
231;2;1;-1;4;536
232;2;1;-1;4;703
233;2;1;-1;4;530
234;3;2;-1;8;84
235;3;2;-1;8;117
236;3;2;-1;8;47
237;4;3;-1;9;83
238;4;3;-1;9;46
239;4;3;-1;9;53
240;4;3;-1;9;52
241;4;3;-1;9;17
242;4;3;-1;9;47
243;4;3;-1;9;42
244;4;3;-1;9;49
245;4;3;-1;9;94
246;15;10;-1;38;321
247;15;10;-1;38;305
248;15;10;-1;38;497
249;15;10;-1;38;478
250;15;10;-1;38;530
251;15;10;-1;38;491
252;15;10;-1;38;581
253;15;10;-1;38;532
254;15;10;-1;38;282
255;15;10;-1;38;266
256;15;10;-1;38;404
257;15;10;-1;38;320
258;15;10;-1;38;194
259;15;10;-1;38;329
260;15;10;-1;38;327
261;15;10;-1;38;169
262;15;10;-1;38;15
263;15;10;-1;38;106
264;15;10;-1;38;210
265;15;10;-1;38;83
266;15;10;-1;38;95
267;15;10;-1;38;81
268;15;10;-1;38;133
269;15;10;-1;38;123
270;15;10;-1;38;87
271;15;10;-1;38;39
272;15;10;-1;38;76
273;15;10;-1;38;68
274;15;10;-1;38;53
275;15;10;-1;38;27
276;15;10;-1;38;89
277;15;10;-1;38;63
278;15;10;-1;38;81
279;15;10;-1;38;63
280;15;10;-1;38;44
281;15;10;-1;38;24
282;15;10;-1;38;29
283;15;10;-1;38;62
284;15;10;-1;38;68
285;15;10;-1;38;194
286;15;10;-1;38;123
287;15;10;-1;38;122
288;15;10;-1;38;29
289;15;10;-1;38;40
290;15;10;-1;38;33
291;15;10;-1;38;44
292;15;10;-1;38;26
293;15;10;-1;38;12
294;15;10;-1;38;11
295;15;10;-1;38;14
296;15;10;-1;38;13
297;15;10;-1;38;14
298;15;10;-1;38;100
299;15;10;-1;38;265
300;15;10;-1;38;156
301;15;10;-1;38;180
302;15;10;-1;38;111
303;15;10;-1;38;149
304;15;10;-1;38;134
305;15;10;-1;38;115
306;15;10;-1;38;207
307;15;10;-1;38;101
308;15;10;-1;38;124
309;15;10;-1;38;100
310;15;10;-1;38;65
311;15;10;-1;38;25
312;15;10;-1;38;11
313;3;2;-1;8;166
314;3;2;-1;8;74
315;3;2;-1;8;52
316;3;2;-1;8;28
317;3;2;-1;8;20
318;3;2;-1;8;24
319;3;2;-1;8;21
320;3;2;-1;8;73
321;3;2;-1;8;12
322;3;2;-1;8;13
323;15;10;-1;38;37
324;15;10;-1;38;16
325;15;10;-1;38;17
326;15;10;-1;38;17
327;15;10;-1;38;19
328;15;10;-1;38;18
329;15;10;-1;38;18
330;15;10;-1;38;16
331;15;10;-1;38;16
332;15;10;-1;38;14
333;15;10;-1;38;25
334;15;10;-1;38;22
335;15;10;-1;38;14
336;15;10;-1;38;19
337;15;10;-1;38;10
338;15;10;-1;38;12
339;15;10;-1;38;14
340;15;10;-1;38;17
341;15;10;-1;38;10
342;15;10;-1;38;9
343;15;10;-1;38;12
344;15;10;-1;38;6
345;15;10;-1;38;22
346;15;10;-1;38;8
347;15;10;-1;38;33
348;15;10;-1;38;9
349;15;10;-1;38;16
350;15;10;-1;38;11
351;15;10;-1;38;16
352;15;10;-1;38;5
353;15;10;-1;38;5
354;15;10;-1;38;5
355;15;10;-1;38;8
356;15;10;-1;38;13
357;15;10;-1;38;12
358;15;10;-1;38;42
359;15;10;-1;38;69
360;15;10;-1;38;80
361;15;10;-1;38;59
362;15;10;-1;38;40
363;15;10;-1;38;28
364;15;10;-1;38;33
365;15;10;-1;38;39
366;15;10;-1;38;33
367;15;10;-1;38;45
368;15;10;-1;38;55
369;15;10;-1;38;53
370;15;10;-1;38;53
371;15;10;-1;38;44
372;15;10;-1;38;38
373;15;10;-1;38;15
374;15;10;-1;38;18
375;15;10;-1;38;87
376;15;10;-1;38;17
377;15;10;-1;38;46
378;15;10;-1;38;44
379;15;10;-1;38;52
380;15;10;-1;38;90
381;15;10;-1;38;85
382;15;10;-1;38;116
383;15;10;-1;38;152
384;15;10;-1;38;113
385;15;10;-1;38;44
386;15;10;-1;38;32
387;15;10;-1;38;15
388;15;10;-1;38;1
389;15;10;-1;38;20
390;15;10;-1;38;20
391;15;10;-1;38;37
392;15;10;-1;38;43
393;15;10;-1;38;24
394;15;10;-1;38;25
395;15;10;-1;38;72
396;15;10;-1;38;110
397;15;10;-1;38;142
398;15;10;-1;38;122
399;15;10;-1;38;314
400;15;10;-1;38;44
401;15;10;-1;38;38
402;15;10;-1;38;55
403;15;10;-1;38;56
404;15;10;-1;38;66
405;15;10;-1;38;128
406;15;10;-1;38;24
407;15;10;-1;38;19
408;15;10;-1;38;12
409;15;10;-1;38;12
410;15;10;-1;38;6
411;15;10;-1;38;6
412;15;10;-1;38;12
413;15;10;-1;38;31
414;15;10;-1;38;61
415;15;10;-1;38;84
416;15;10;-1;38;97
417;15;10;-1;38;76
418;15;10;-1;38;24
419;15;10;-1;38;10
420;15;10;-1;38;13
421;15;10;-1;38;33
422;15;10;-1;38;52
423;15;10;-1;38;53
424;15;10;-1;38;50
425;15;10;-1;38;20
426;15;10;-1;38;4
427;15;10;-1;38;11
428;15;10;-1;38;24
429;15;10;-1;38;13
430;15;10;-1;38;20
431;15;10;-1;38;18
432;15;10;-1;38;23
433;15;10;-1;38;18
434;15;10;-1;38;17
435;15;10;-1;38;16
436;15;10;-1;38;23
437;15;10;-1;38;20
438;15;10;-1;38;11
439;15;10;-1;38;23
440;15;10;-1;38;60
441;15;10;-1;38;44
442;15;10;-1;38;134
443;15;10;-1;38;60
444;15;10;-1;38;11
445;15;10;-1;38;19
446;15;10;-1;38;35
447;15;10;-1;38;63
448;15;10;-1;38;23
449;15;10;-1;38;29
450;15;10;-1;38;5
451;15;10;-1;38;2
452;15;10;-1;38;0
453;15;10;-1;38;6
454;15;10;-1;38;1
455;15;10;-1;38;0
456;15;10;-1;38;0
457;15;10;-1;38;20
458;15;10;-1;38;35
459;15;10;-1;38;30
460;15;10;-1;38;33
461;15;10;-1;38;25
462;15;10;-1;38;39
463;15;10;-1;38;31
464;15;10;-1;38;73
465;15;10;-1;38;68
466;15;10;-1;38;85
467;15;10;-1;38;120
468;15;10;-1;38;17
469;15;10;-1;38;66
470;15;10;-1;38;80
471;15;10;-1;38;86
472;15;10;-1;38;62
473;15;10;-1;38;87
474;15;10;-1;38;112
475;15;10;-1;38;134
476;15;10;-1;38;63
477;15;10;-1;38;19
478;15;10;-1;38;103
479;15;10;-1;38;10
480;15;10;-1;38;2
481;15;10;-1;38;0
482;15;10;-1;38;30
483;15;10;-1;38;56
484;15;10;-1;38;68
485;15;10;-1;38;31
486;15;10;-1;38;71
487;15;10;-1;38;52
488;15;10;-1;38;49
489;15;10;-1;38;71
490;15;10;-1;38;57
491;15;10;-1;38;96
492;15;10;-1;38;75
493;15;10;-1;38;6
494;15;10;-1;38;10
495;15;10;-1;38;0
496;15;10;-1;38;0
497;15;10;-1;38;0
498;15;10;-1;38;107
499;15;10;-1;38;179
500;15;10;-1;38;244
501;15;10;-1;38;47
502;15;10;-1;38;27
503;15;10;-1;38;126
504;15;10;-1;38;132
505;15;10;-1;38;71
506;15;10;-1;38;82
507;15;10;-1;38;118
508;15;10;-1;38;32
509;15;10;-1;38;130
510;15;10;-1;38;401
511;15;10;-1;38;319
512;15;10;-1;38;195
513;15;10;-1;38;43
514;15;10;-1;38;80
515;15;10;-1;38;46
516;15;10;-1;38;67
517;15;10;-1;38;189
518;15;10;-1;38;246
519;15;10;-1;38;193
520;15;10;-1;38;163
521;15;10;-1;38;104
522;15;10;-1;38;130
523;15;10;-1;38;78
524;15;10;-1;38;13
525;15;10;-1;38;25
526;15;10;-1;38;12
527;15;10;-1;38;0
528;6;4;-1;12;21
529;6;4;-1;12;16
530;6;4;-1;12;24
531;6;4;-1;12;78
532;6;4;-1;12;113
533;6;4;-1;12;98
534;6;4;-1;12;78
535;6;4;-1;12;77
536;6;4;-1;12;53
537;6;4;-1;12;41
538;6;4;-1;12;37
539;6;4;-1;12;57
540;6;4;-1;12;84
541;6;4;-1;12;121
542;6;4;-1;12;146
543;6;4;-1;12;191
544;6;4;-1;12;213
545;6;4;-1;12;252
546;6;4;-1;12;249
547;6;4;-1;12;271
548;6;4;-1;12;278
549;6;4;-1;12;257
550;6;4;-1;12;255
551;6;4;-1;12;218
552;6;4;-1;12;198
553;6;4;-1;12;196
554;6;4;-1;12;147
555;6;4;-1;12;104
556;6;4;-1;12;179
557;6;4;-1;12;114
558;6;4;-1;12;109
559;15;10;-1;38;20
560;15;10;-1;38;42
561;15;10;-1;38;42
562;15;10;-1;38;63
563;15;10;-1;38;80
564;15;10;-1;38;48
565;15;10;-1;38;72
566;15;10;-1;38;44
567;15;10;-1;38;48
568;15;10;-1;38;26
569;15;10;-1;38;61
570;15;10;-1;38;80
571;15;10;-1;38;60
572;15;10;-1;38;69
573;15;10;-1;38;61
574;15;10;-1;38;36
575;15;10;-1;38;56
576;6;4;-1;12;35
577;6;4;-1;12;37
578;6;4;-1;12;19
579;6;4;-1;12;72
580;6;4;-1;12;17
581;6;4;-1;12;17
582;6;4;-1;12;57
583;6;4;-1;12;20
584;6;4;-1;12;18
585;6;4;-1;12;29
586;6;4;-1;12;28
587;15;10;-1;38;13
588;15;10;-1;38;20
589;15;10;-1;38;17
590;15;10;-1;38;10
591;15;10;-1;38;16
592;15;10;-1;38;20
593;15;10;-1;38;0
594;15;10;-1;38;20
595;15;10;-1;38;33
596;15;10;-1;38;137
597;15;10;-1;38;217
598;15;10;-1;38;54
599;15;10;-1;38;37
600;15;10;-1;38;128
601;15;10;-1;38;158
602;15;10;-1;38;290
603;15;10;-1;38;283
604;15;10;-1;38;116
605;15;10;-1;38;155
606;15;10;-1;38;216
607;15;10;-1;38;316
608;15;10;-1;38;220
609;15;10;-1;38;328
610;15;10;-1;38;90
611;15;10;-1;38;75
612;15;10;-1;38;93
613;15;10;-1;38;243
614;15;10;-1;38;298
615;15;10;-1;38;172
616;15;10;-1;38;255
617;15;10;-1;38;43
618;15;10;-1;38;21
619;15;10;-1;38;16
620;15;10;-1;38;8
621;15;10;-1;38;1
622;15;10;-1;38;7
623;15;10;-1;38;1
624;15;10;-1;38;13
625;15;10;-1;38;23
626;15;10;-1;38;13
627;15;10;-1;38;10
628;15;10;-1;38;10
629;15;10;-1;38;17
630;15;10;-1;38;8
631;15;10;-1;38;8
632;15;10;-1;38;6
633;15;10;-1;38;6
634;15;10;-1;38;16
635;15;10;-1;38;9
636;15;10;-1;38;12
637;15;10;-1;38;23
638;15;10;-1;38;18
639;15;10;-1;38;8
640;15;10;-1;38;18
641;15;10;-1;38;12
642;15;10;-1;38;9
643;15;10;-1;38;4
644;15;10;-1;38;9
645;15;10;-1;38;6
646;15;10;-1;38;6
647;15;10;-1;38;12
648;15;10;-1;38;1
649;15;10;-1;38;7
650;15;10;-1;38;0
651;15;10;-1;38;8
652;15;10;-1;38;16
653;15;10;-1;38;2
654;15;10;-1;38;0
655;15;10;-1;38;41
656;15;10;-1;38;7
657;15;10;-1;38;5
658;15;10;-1;38;4
659;15;10;-1;38;7
660;15;10;-1;38;0
661;15;10;-1;38;13
662;15;10;-1;38;4
663;15;10;-1;38;8
664;15;10;-1;38;5
665;15;10;-1;38;16
666;15;10;-1;38;70
667;15;10;-1;38;26
668;15;10;-1;38;0
669;15;10;-1;38;40
670;15;10;-1;38;88
671;15;10;-1;38;113
672;15;10;-1;38;41
673;15;10;-1;38;29
674;15;10;-1;38;106
675;15;10;-1;38;120
676;15;10;-1;38;155
677;15;10;-1;38;185
678;15;10;-1;38;100
679;15;10;-1;38;96
680;15;10;-1;38;98
681;15;10;-1;38;33
682;15;10;-1;38;35
683;15;10;-1;38;73
684;15;10;-1;38;44
685;15;10;-1;38;104
686;15;10;-1;38;75
687;15;10;-1;38;2
688;15;10;-1;38;55
689;15;10;-1;38;76
690;15;10;-1;38;25
691;15;10;-1;38;8
692;15;10;-1;38;115
693;15;10;-1;38;77
694;15;10;-1;38;176
695;15;10;-1;38;159
696;15;10;-1;38;17
697;15;10;-1;38;116
698;15;10;-1;38;151
699;15;10;-1;38;152
700;15;10;-1;38;109
701;15;10;-1;38;158
702;15;10;-1;38;243
703;15;10;-1;38;30
704;15;10;-1;38;20
705;15;10;-1;38;52
706;15;10;-1;38;64
707;15;10;-1;38;35
708;15;10;-1;38;67
709;15;10;-1;38;96
710;15;10;-1;38;91
711;15;10;-1;38;107
712;15;10;-1;38;109
713;15;10;-1;38;119
714;15;10;-1;38;128
715;15;10;-1;38;107
716;15;10;-1;38;73
717;15;10;-1;38;65
718;15;10;-1;38;34
719;15;10;-1;38;42
720;15;10;-1;38;69
721;15;10;-1;38;173
722;15;10;-1;38;118
723;15;10;-1;38;148
724;15;10;-1;38;56
725;15;10;-1;38;48
726;15;10;-1;38;35
727;15;10;-1;38;44
728;15;10;-1;38;32
729;15;10;-1;38;58
730;15;10;-1;38;64
731;15;10;-1;38;73
732;15;10;-1;38;55
733;15;10;-1;38;49
734;15;10;-1;38;38
735;15;10;-1;38;59
736;15;10;-1;38;63
737;15;10;-1;38;89
738;15;10;-1;38;61
739;15;10;-1;38;73
740;15;10;-1;38;60
741;15;10;-1;38;79
742;15;10;-1;38;74
743;15;10;-1;38;99
744;15;10;-1;38;17
745;15;10;-1;38;30
746;15;10;-1;38;36
747;15;10;-1;38;50
748;15;10;-1;38;42
749;15;10;-1;38;33
750;15;10;-1;38;29
751;15;10;-1;38;23
752;15;10;-1;38;22
753;15;10;-1;38;21
754;15;10;-1;38;22
755;15;10;-1;38;39
756;15;10;-1;38;25
757;15;10;-1;38;30
758;15;10;-1;38;26
759;15;10;-1;38;22
760;15;10;-1;38;25
761;15;10;-1;38;27
762;15;10;-1;38;24
763;15;10;-1;38;28
764;15;10;-1;38;32
765;15;10;-1;38;24
766;15;10;-1;38;29
767;15;10;-1;38;25
768;15;10;-1;38;29
769;15;10;-1;38;19
770;15;10;-1;38;18
771;15;10;-1;38;21
772;15;10;-1;38;120
773;15;10;-1;38;123
774;15;10;-1;38;118
775;15;10;-1;38;119
776;15;10;-1;38;178
777;15;10;-1;38;108
778;15;10;-1;38;105
779;15;10;-1;38;94
780;15;10;-1;38;102
781;15;10;-1;38;96
782;15;10;-1;38;92
783;15;10;-1;38;94
784;15;10;-1;38;54
785;15;10;-1;38;64
786;15;10;-1;38;72
787;15;10;-1;38;47
788;15;10;-1;38;7
789;15;10;-1;38;23
790;15;10;-1;38;63
791;15;10;-1;38;62
792;15;10;-1;38;29
793;15;10;-1;38;27
794;15;10;-1;38;0
795;15;10;-1;38;12
796;15;10;-1;38;131
797;15;10;-1;38;243
798;15;10;-1;38;88
799;15;10;-1;38;49
800;15;10;-1;38;84
801;15;10;-1;38;63
802;15;10;-1;38;27
803;15;10;-1;38;14
804;15;10;-1;38;45
805;15;10;-1;38;48
806;15;10;-1;38;45
807;15;10;-1;38;38
808;15;10;-1;38;15
809;15;10;-1;38;26
810;15;10;-1;38;76
811;15;10;-1;38;195
812;15;10;-1;38;105
813;15;10;-1;38;61
814;15;10;-1;38;44
815;15;10;-1;38;59
816;15;10;-1;38;102
817;15;10;-1;38;107
818;15;10;-1;38;104
819;15;10;-1;38;42
820;15;10;-1;38;70
821;15;10;-1;38;8
822;15;10;-1;38;54
823;15;10;-1;38;69
824;15;10;-1;38;91
825;15;10;-1;38;98
826;15;10;-1;38;28
827;15;10;-1;38;42
828;15;10;-1;38;40
829;15;10;-1;38;50
830;15;10;-1;38;58
831;15;10;-1;38;68
832;15;10;-1;38;54
833;15;10;-1;38;71
834;15;10;-1;38;76
835;15;10;-1;38;85
836;15;10;-1;38;90
837;15;10;-1;38;96
838;15;10;-1;38;105
839;15;10;-1;38;75
840;15;10;-1;38;99
841;15;10;-1;38;102
842;15;10;-1;38;110
843;15;10;-1;38;61
844;15;10;-1;38;23
845;15;10;-1;38;38
846;15;10;-1;38;54
847;15;10;-1;38;75
848;15;10;-1;38;74
849;15;10;-1;38;59
850;15;10;-1;38;40
851;15;10;-1;38;48
852;15;10;-1;38;64
853;15;10;-1;38;52
854;15;10;-1;38;37
855;15;10;-1;38;61
856;15;10;-1;38;59
857;15;10;-1;38;59
858;15;10;-1;38;51
859;15;10;-1;38;56
860;15;10;-1;38;29
861;15;10;-1;38;42
862;15;10;-1;38;79
863;15;10;-1;38;108
864;15;10;-1;38;113
865;15;10;-1;38;111
866;15;10;-1;38;76
867;15;10;-1;38;32
868;15;10;-1;38;44
869;15;10;-1;38;75
870;15;10;-1;38;78
871;15;10;-1;38;98
872;15;10;-1;38;69
873;15;10;-1;38;83
874;15;10;-1;38;54
875;15;10;-1;38;41
876;15;10;-1;38;38
877;15;10;-1;38;31
878;15;10;-1;38;99
879;15;10;-1;38;92
880;15;10;-1;38;42
881;15;10;-1;38;43
882;15;10;-1;38;37
883;15;10;-1;38;45
884;15;10;-1;38;73
885;15;10;-1;38;79
886;15;10;-1;38;73
887;15;10;-1;38;80
888;15;10;-1;38;78
889;15;10;-1;38;71
890;15;10;-1;38;67
891;15;10;-1;38;71
892;15;10;-1;38;75
893;15;10;-1;38;64
894;15;10;-1;38;79
895;15;10;-1;38;82
896;15;10;-1;38;82
897;15;10;-1;38;77
898;15;10;-1;38;80
899;15;10;-1;38;75
900;15;10;-1;38;72
901;15;10;-1;38;70
902;15;10;-1;38;71
903;15;10;-1;38;70
904;15;10;-1;38;67
905;15;10;-1;38;94
906;15;10;-1;38;59
907;15;10;-1;38;42
908;15;10;-1;38;55
909;15;10;-1;38;62
910;15;10;-1;38;60
911;15;10;-1;38;66
912;15;10;-1;38;75
913;15;10;-1;38;68
914;15;10;-1;38;38
915;15;10;-1;38;40
916;15;10;-1;38;40
917;15;10;-1;38;39
918;15;10;-1;38;34
919;15;10;-1;38;29
920;15;10;-1;38;27
921;15;10;-1;38;95
922;15;10;-1;38;127
923;15;10;-1;38;41
924;15;10;-1;38;39
925;15;10;-1;38;64
926;15;10;-1;38;75
927;15;10;-1;38;39
928;15;10;-1;38;24
929;15;10;-1;38;40
930;15;10;-1;38;32
931;15;10;-1;38;89
932;15;10;-1;38;115
933;15;10;-1;38;51
934;15;10;-1;38;36
935;15;10;-1;38;36
936;15;10;-1;38;42
937;15;10;-1;38;68
938;15;10;-1;38;50
939;15;10;-1;38;19
940;15;10;-1;38;55
941;15;10;-1;38;79
942;15;10;-1;38;67
943;15;10;-1;38;13
944;15;10;-1;38;17
945;15;10;-1;38;22
946;15;10;-1;38;30
947;15;10;-1;38;16
948;15;10;-1;38;33
949;15;10;-1;38;21
950;15;10;-1;38;44
951;15;10;-1;38;57
952;15;10;-1;38;136
953;15;10;-1;38;145
954;15;10;-1;38;133
955;15;10;-1;38;122
956;15;10;-1;38;90
957;15;10;-1;38;26
958;15;10;-1;38;99
959;15;10;-1;38;90
960;15;10;-1;38;33
961;15;10;-1;38;39
962;15;10;-1;38;17
963;15;10;-1;38;26
964;15;10;-1;38;32
965;15;10;-1;38;25
966;15;10;-1;38;24
967;15;10;-1;38;22
968;15;10;-1;38;14
969;15;10;-1;38;5
970;15;10;-1;38;37
971;15;10;-1;38;68
972;15;10;-1;38;153
973;15;10;-1;38;124
974;15;10;-1;38;153
975;15;10;-1;38;70
976;15;10;-1;38;55
977;15;10;-1;38;54
978;15;10;-1;38;22
979;15;10;-1;38;65
980;15;10;-1;38;33
981;15;10;-1;38;39
982;15;10;-1;38;56
983;15;10;-1;38;49
984;15;10;-1;38;24
985;15;10;-1;38;49
986;15;10;-1;38;59
987;15;10;-1;38;87
988;15;10;-1;38;76
989;15;10;-1;38;100
990;15;10;-1;38;71
991;15;10;-1;38;94
992;15;10;-1;38;37
993;15;10;-1;38;57
994;15;10;-1;38;46
995;15;10;-1;38;53
996;15;10;-1;38;200
997;15;10;-1;38;153
998;15;10;-1;38;114
999;15;10;-1;38;134
1000;15;10;-1;38;88
1001;15;10;-1;38;70
1002;15;10;-1;38;64
1003;15;10;-1;38;23
1004;15;10;-1;38;53
1005;15;10;-1;38;53
1006;15;10;-1;38;59
1007;15;10;-1;38;15
1008;15;10;-1;38;7
1009;15;10;-1;38;12
1010;15;10;-1;38;14
1011;15;10;-1;38;13
1012;15;10;-1;38;15
1013;15;10;-1;38;16
1014;15;10;-1;38;21
1015;15;10;-1;38;21
1016;15;10;-1;38;20
1017;15;10;-1;38;19
1018;15;10;-1;38;19
1019;15;10;-1;38;20
1020;15;10;-1;38;20
1021;15;10;-1;38;21
1022;15;10;-1;38;16
1023;15;10;-1;38;18
1024;15;10;-1;38;13
1025;15;10;-1;38;6
1026;15;10;-1;38;25
1027;15;10;-1;38;140
1028;15;10;-1;38;130
1029;15;10;-1;38;109
1030;15;10;-1;38;110
1031;15;10;-1;38;103
1032;15;10;-1;38;79
1033;15;10;-1;38;85
1034;15;10;-1;38;91
1035;15;10;-1;38;108
1036;15;10;-1;38;121
1037;15;10;-1;38;106
1038;15;10;-1;38;83
1039;15;10;-1;38;94
1040;15;10;-1;38;93
1041;15;10;-1;38;88
1042;15;10;-1;38;73
1043;15;10;-1;38;83
1044;15;10;-1;38;81
1045;15;10;-1;38;63
1046;15;10;-1;38;43
1047;15;10;-1;38;10
1048;15;10;-1;38;17
1049;15;10;-1;38;31
1050;15;10;-1;38;49
1051;15;10;-1;38;59
1052;15;10;-1;38;79
1053;15;10;-1;38;73
1054;15;10;-1;38;74
1055;15;10;-1;38;60
1056;15;10;-1;38;54
1057;15;10;-1;38;78
1058;15;10;-1;38;85
1059;15;10;-1;38;82
1060;15;10;-1;38;87
1061;15;10;-1;38;84
1062;15;10;-1;38;72
1063;15;10;-1;38;55
1064;15;10;-1;38;42
1065;15;10;-1;38;52
1066;15;10;-1;38;81
1067;15;10;-1;38;43
1068;15;10;-1;38;45
1069;15;10;-1;38;32
1070;15;10;-1;38;81
1071;15;10;-1;38;63
1072;15;10;-1;38;47
1073;15;10;-1;38;61
1074;15;10;-1;38;72
1075;15;10;-1;38;75
1076;15;10;-1;38;68
1077;15;10;-1;38;50
1078;15;10;-1;38;21
1079;15;10;-1;38;17
1080;15;10;-1;38;18
1081;15;10;-1;38;23
1082;15;10;-1;38;21
1083;15;10;-1;38;16
1084;15;10;-1;38;15
1085;15;10;-1;38;115
1086;15;10;-1;38;152
1087;15;10;-1;38;171
1088;15;10;-1;38;142
1089;15;10;-1;38;256
1090;15;10;-1;38;338
1091;15;10;-1;38;404
1092;15;10;-1;38;305
1093;15;10;-1;38;338
1094;15;10;-1;38;356
1095;15;10;-1;38;501
1096;15;10;-1;38;60
1097;15;10;-1;38;36
1098;15;10;-1;38;57
1099;15;10;-1;38;350
1100;15;10;-1;38;278
1101;15;10;-1;38;408
1102;15;10;-1;38;18
1103;15;10;-1;38;0
1104;15;10;-1;38;1
1105;15;10;-1;38;4
1106;15;10;-1;38;19
1107;15;10;-1;38;51
1108;15;10;-1;38;40
1109;15;10;-1;38;27
1110;15;10;-1;38;33
1111;15;10;-1;38;12
1112;15;10;-1;38;116
1113;15;10;-1;38;0
1114;15;10;-1;38;154
1115;15;10;-1;38;168
1116;15;10;-1;38;116
1117;15;10;-1;38;176
1118;15;10;-1;38;184
1119;15;10;-1;38;54
1120;15;10;-1;38;107
1121;15;10;-1;38;12
1122;15;10;-1;38;22
1123;15;10;-1;38;9
1124;15;10;-1;38;41
1125;15;10;-1;38;20
1126;15;10;-1;38;12
1127;15;10;-1;38;17
1128;15;10;-1;38;13
1129;15;10;-1;38;15
1130;15;10;-1;38;11
1131;15;10;-1;38;20
1132;15;10;-1;38;15
1133;15;10;-1;38;10
1134;15;10;-1;38;5
1135;15;10;-1;38;11
1136;15;10;-1;38;3
1137;15;10;-1;38;6
1138;15;10;-1;38;-1
1139;15;10;-1;38;4
1140;15;10;-1;38;3
1141;15;10;-1;38;6
1142;15;10;-1;38;7
1143;15;10;-1;38;0
1144;15;10;-1;38;2
1145;15;10;-1;38;4
1146;15;10;-1;38;2
1147;15;10;-1;38;13
1148;15;10;-1;38;16
1149;15;10;-1;38;25
1150;15;10;-1;38;32
1151;15;10;-1;38;9
1152;15;10;-1;38;55
1153;15;10;-1;38;37
1154;15;10;-1;38;54
1155;15;10;-1;38;61
1156;15;10;-1;38;97
1157;15;10;-1;38;69
1158;15;10;-1;38;63
1159;15;10;-1;38;58
1160;15;10;-1;38;85
1161;15;10;-1;38;84
1162;15;10;-1;38;88
1163;15;10;-1;38;90
1164;15;10;-1;38;96
1165;15;10;-1;38;84
1166;15;10;-1;38;99
1167;15;10;-1;38;90
1168;15;10;-1;38;102
1169;15;10;-1;38;99
1170;15;10;-1;38;90
1171;15;10;-1;38;99
1172;15;10;-1;38;100
1173;15;10;-1;38;88
1174;15;10;-1;38;97
1175;15;10;-1;38;97
1176;15;10;-1;38;96
1177;15;10;-1;38;104
1178;15;10;-1;38;104
1179;15;10;-1;38;115
1180;15;10;-1;38;115
1181;15;10;-1;38;120
1182;15;10;-1;38;119
1183;15;10;-1;38;117
1184;15;10;-1;38;120
1185;15;10;-1;38;124
1186;15;10;-1;38;128
1187;15;10;-1;38;130
1188;15;10;-1;38;139
1189;15;10;-1;38;136
1190;15;10;-1;38;131
1191;15;10;-1;38;140
1192;15;10;-1;38;39
1193;15;10;-1;38;26
1194;15;10;-1;38;28
1195;15;10;-1;38;30
1196;15;10;-1;38;21
1197;15;10;-1;38;19
1198;15;10;-1;38;18
1199;15;10;-1;38;15
1200;15;10;-1;38;16
1201;15;10;-1;38;23
1202;15;10;-1;38;26
1203;15;10;-1;38;24
1204;15;10;-1;38;17
1205;15;10;-1;38;16
1206;15;10;-1;38;17
1207;15;10;-1;38;13
1208;15;10;-1;38;10
1209;15;10;-1;38;7
1210;15;10;-1;38;8
1211;15;10;-1;38;6
1212;15;10;-1;38;39
1213;15;10;-1;38;24
1214;15;10;-1;38;94
1215;15;10;-1;38;85
1216;15;10;-1;38;87
1217;15;10;-1;38;86
1218;15;10;-1;38;83
1219;15;10;-1;38;81
1220;15;10;-1;38;87
1221;15;10;-1;38;86
1222;15;10;-1;38;86
1223;15;10;-1;38;81
1224;15;10;-1;38;79
1225;15;10;-1;38;84
1226;15;10;-1;38;90
1227;15;10;-1;38;86
1228;15;10;-1;38;84
1229;15;10;-1;38;93
1230;15;10;-1;38;88
1231;15;10;-1;38;96
1232;15;10;-1;38;95
1233;15;10;-1;38;98
1234;15;10;-1;38;93
1235;15;10;-1;38;25
1236;15;10;-1;38;15
1237;15;10;-1;38;10
1238;15;10;-1;38;12
1239;15;10;-1;38;9
1240;15;10;-1;38;8
1241;15;10;-1;38;7
1242;15;10;-1;38;8
1243;15;10;-1;38;6
1244;15;10;-1;38;7
1245;15;10;-1;38;9
1246;15;10;-1;38;7
1247;15;10;-1;38;9
1248;15;10;-1;38;9
1249;15;10;-1;38;13
1250;15;10;-1;38;12
1251;15;10;-1;38;12
1252;15;10;-1;38;17
1253;15;10;-1;38;18
1254;15;10;-1;38;18
1255;15;10;-1;38;17
1256;15;10;-1;38;17
1257;15;10;-1;38;17
1258;15;10;-1;38;16
1259;15;10;-1;38;17
1260;15;10;-1;38;15
1261;15;10;-1;38;17
1262;15;10;-1;38;16
1263;15;10;-1;38;19
1264;15;10;-1;38;17
1265;15;10;-1;38;20
1266;15;10;-1;38;21
1267;15;10;-1;38;99
1268;15;10;-1;38;99
1269;15;10;-1;38;97
1270;15;10;-1;38;95
1271;15;10;-1;38;99
1272;15;10;-1;38;33
1273;15;10;-1;38;100
1274;15;10;-1;38;85
1275;15;10;-1;38;53
1276;15;10;-1;38;41
1277;15;10;-1;38;60
1278;15;10;-1;38;79
1279;15;10;-1;38;75
1280;15;10;-1;38;104
1281;15;10;-1;38;83
1282;15;10;-1;38;81
1283;15;10;-1;38;85
1284;15;10;-1;38;59
1285;15;10;-1;38;66
1286;15;10;-1;38;34
1287;15;10;-1;38;28
1288;15;10;-1;38;23
1289;15;10;-1;38;18
1290;15;10;-1;38;25
1291;15;10;-1;38;47
1292;15;10;-1;38;41
1293;15;10;-1;38;14
1294;15;10;-1;38;0
1295;15;10;-1;38;0
1296;15;10;-1;38;19
1297;15;10;-1;38;2
1298;15;10;-1;38;10
1299;15;10;-1;38;50
1300;15;10;-1;38;34
1301;15;10;-1;38;36
1302;15;10;-1;38;61
1303;15;10;-1;38;45
1304;15;10;-1;38;34
1305;15;10;-1;38;1
1306;15;10;-1;38;1
1307;15;10;-1;38;24
1308;15;10;-1;38;24
1309;15;10;-1;38;112
1310;15;10;-1;38;115
1311;15;10;-1;38;91
1312;15;10;-1;38;63
1313;15;10;-1;38;27
1314;15;10;-1;38;6
1315;15;10;-1;38;48
1316;15;10;-1;38;89
1317;15;10;-1;38;38
1318;15;10;-1;38;22
1319;15;10;-1;38;6
1320;15;10;-1;38;12
1321;15;10;-1;38;2
1322;15;10;-1;38;12
1323;15;10;-1;38;32
1324;15;10;-1;38;19
1325;15;10;-1;38;15
1326;15;10;-1;38;10
1327;15;10;-1;38;52
1328;15;10;-1;38;33
1329;15;10;-1;38;30
1330;15;10;-1;38;17
1331;15;10;-1;38;74
1332;15;10;-1;38;83
1333;15;10;-1;38;46
1334;15;10;-1;38;38
1335;15;10;-1;38;34
1336;15;10;-1;38;3
1337;15;10;-1;38;2
1338;15;10;-1;38;3
1339;15;10;-1;38;2
1340;15;10;-1;38;4
1341;15;10;-1;38;39
1342;15;10;-1;38;36
1343;15;10;-1;38;26
1344;15;10;-1;38;30
1345;15;10;-1;38;33
1346;15;10;-1;38;29
1347;15;10;-1;38;39
1348;15;10;-1;38;39
1349;15;10;-1;38;30
1350;15;10;-1;38;27
1351;15;10;-1;38;22
1352;15;10;-1;38;31
1353;15;10;-1;38;21
1354;15;10;-1;38;28
1355;15;10;-1;38;67
1356;15;10;-1;38;90
1357;15;10;-1;38;88
1358;15;10;-1;38;74
1359;15;10;-1;38;18
1360;15;10;-1;38;13
1361;15;10;-1;38;14
1362;15;10;-1;38;6
1363;15;10;-1;38;46
1364;15;10;-1;38;63
1365;15;10;-1;38;61
1366;15;10;-1;38;127
1367;15;10;-1;38;122
1368;15;10;-1;38;202
1369;15;10;-1;38;160
1370;15;10;-1;38;344
1371;15;10;-1;38;314
1372;15;10;-1;38;227
1373;15;10;-1;38;104
1374;15;10;-1;38;79
1375;15;10;-1;38;57
1376;15;10;-1;38;45
1377;15;10;-1;38;32
1378;15;10;-1;38;17
1379;15;10;-1;38;13
1380;15;10;-1;38;26
1381;15;10;-1;38;124
1382;15;10;-1;38;175
1383;15;10;-1;38;191
1384;15;10;-1;38;278
1385;15;10;-1;38;246
1386;15;10;-1;38;113
1387;15;10;-1;38;10
1388;15;10;-1;38;11
1389;15;10;-1;38;20
1390;15;10;-1;38;64
1391;15;10;-1;38;32
1392;15;10;-1;38;30
1393;15;10;-1;38;27
1394;15;10;-1;38;0
1395;15;10;-1;38;66
1396;15;10;-1;38;65
1397;15;10;-1;38;25
1398;15;10;-1;38;9
1399;15;10;-1;38;0
1400;15;10;-1;38;1
1401;15;10;-1;38;1
1402;15;10;-1;38;3
1403;15;10;-1;38;45
1404;15;10;-1;38;83
1405;15;10;-1;38;16
1406;15;10;-1;38;3
1407;15;10;-1;38;3
1408;15;10;-1;38;0
1409;15;10;-1;38;19
1410;15;10;-1;38;17
1411;15;10;-1;38;26
1412;15;10;-1;38;1
1413;15;10;-1;38;191
1414;15;10;-1;38;26
1415;15;10;-1;38;9
1416;15;10;-1;38;6
1417;15;10;-1;38;10
1418;15;10;-1;38;16
1419;15;10;-1;38;35
1420;15;10;-1;38;19
1421;15;10;-1;38;0
1422;15;10;-1;38;0
1423;15;10;-1;38;0
1424;15;10;-1;38;21
1425;15;10;-1;38;11
1426;15;10;-1;38;7
1427;15;10;-1;38;1
1428;15;10;-1;38;0
1429;15;10;-1;38;40
1430;15;10;-1;38;54
1431;15;10;-1;38;0
1432;15;10;-1;38;0
1433;15;10;-1;38;17
1434;15;10;-1;38;11
1435;15;10;-1;38;21
1436;15;10;-1;38;35
1437;15;10;-1;38;20
1438;15;10;-1;38;8
1439;15;10;-1;38;19
1440;15;10;-1;38;43
1441;15;10;-1;38;37
1442;15;10;-1;38;45
1443;15;10;-1;38;53
1444;15;10;-1;38;31
1445;15;10;-1;38;37
1446;15;10;-1;38;54
1447;15;10;-1;38;42
1448;15;10;-1;38;96
1449;15;10;-1;38;44
1450;15;10;-1;38;29
1451;15;10;-1;38;47
1452;15;10;-1;38;64
1453;15;10;-1;38;28
1454;15;10;-1;38;21
1455;15;10;-1;38;52
1456;15;10;-1;38;58
1457;15;10;-1;38;48
1458;15;10;-1;38;56
1459;15;10;-1;38;40
1460;15;10;-1;38;51
1461;15;10;-1;38;38
1462;15;10;-1;38;40
1463;15;10;-1;38;62
1464;15;10;-1;38;104
1465;15;10;-1;38;29
1466;15;10;-1;38;75
1467;15;10;-1;38;127
1468;15;10;-1;38;136
1469;15;10;-1;38;129
1470;15;10;-1;38;75
1471;15;10;-1;38;58
1472;15;10;-1;38;46
1473;15;10;-1;38;45
1474;15;10;-1;38;86
1475;15;10;-1;38;45
1476;15;10;-1;38;45
1477;15;10;-1;38;55
1478;15;10;-1;38;57
1479;15;10;-1;38;59
1480;15;10;-1;38;60
1481;15;10;-1;38;66
1482;15;10;-1;38;65
1483;15;10;-1;38;65
1484;15;10;-1;38;70
1485;15;10;-1;38;76
1486;15;10;-1;38;74
1487;15;10;-1;38;78
1488;15;10;-1;38;82
1489;15;10;-1;38;78
1490;15;10;-1;38;77
1491;15;10;-1;38;80
1492;15;10;-1;38;78
1493;15;10;-1;38;81
1494;15;10;-1;38;79
1495;15;10;-1;38;82
1496;15;10;-1;38;87
1497;15;10;-1;38;89
1498;15;10;-1;38;88
1499;15;10;-1;38;93
1500;15;10;-1;38;92
1501;15;10;-1;38;92
1502;15;10;-1;38;95
1503;15;10;-1;38;94
1504;15;10;-1;38;94
1505;15;10;-1;38;93
1506;15;10;-1;38;78
1507;15;10;-1;38;96
1508;15;10;-1;38;59
1509;15;10;-1;38;72
1510;15;10;-1;38;91
1511;15;10;-1;38;61
1512;15;10;-1;38;58
1513;15;10;-1;38;38
1514;15;10;-1;38;45
1515;15;10;-1;38;8
1516;15;10;-1;38;52
1517;15;10;-1;38;59
1518;15;10;-1;38;51
1519;15;10;-1;38;53
1520;15;10;-1;38;57
1521;15;10;-1;38;55
1522;15;10;-1;38;52
1523;15;10;-1;38;52
1524;15;10;-1;38;49
1525;15;10;-1;38;56
1526;15;10;-1;38;58
1527;15;10;-1;38;52
1528;15;10;-1;38;34
1529;15;10;-1;38;110
1530;15;10;-1;38;132
1531;15;10;-1;38;61
1532;15;10;-1;38;128
1533;15;10;-1;38;263
1534;15;10;-1;38;124
1535;15;10;-1;38;311
1536;15;10;-1;38;123
1537;15;10;-1;38;174
1538;15;10;-1;38;176
1539;15;10;-1;38;20
1540;15;10;-1;38;78
1541;15;10;-1;38;53
1542;15;10;-1;38;251
1543;15;10;-1;38;52
1544;15;10;-1;38;44
1545;15;10;-1;38;8
1546;15;10;-1;38;28
1547;15;10;-1;38;236
1548;15;10;-1;38;17
1549;15;10;-1;38;32
1550;15;10;-1;38;-1
1551;15;10;-1;38;1
1552;15;10;-1;38;0
1553;15;10;-1;38;5
1554;15;10;-1;38;17
1555;15;10;-1;38;4
1556;15;10;-1;38;6
1557;15;10;-1;38;1
1558;15;10;-1;38;2
1559;15;10;-1;38;3
1560;15;10;-1;38;6
1561;15;10;-1;38;28
1562;15;10;-1;38;36
1563;15;10;-1;38;16
1564;15;10;-1;38;29
1565;15;10;-1;38;51
1566;15;10;-1;38;45
1567;15;10;-1;38;35
1568;15;10;-1;38;39
1569;15;10;-1;38;34
1570;15;10;-1;38;27
1571;15;10;-1;38;22
1572;15;10;-1;38;43
1573;15;10;-1;38;25
1574;15;10;-1;38;34
1575;15;10;-1;38;62
1576;15;10;-1;38;62
1577;15;10;-1;38;45
1578;15;10;-1;38;55
1579;15;10;-1;38;52
1580;15;10;-1;38;8
1581;15;10;-1;38;35
1582;15;10;-1;38;24
1583;15;10;-1;38;33
1584;15;10;-1;38;30
1585;15;10;-1;38;19
1586;15;10;-1;38;32
1587;15;10;-1;38;90
1588;15;10;-1;38;119
1589;15;10;-1;38;92
1590;15;10;-1;38;159
1591;15;10;-1;38;188
1592;15;10;-1;38;176
1593;15;10;-1;38;149
1594;15;10;-1;38;121
1595;15;10;-1;38;57
1596;15;10;-1;38;44
1597;15;10;-1;38;122
1598;15;10;-1;38;136
1599;15;10;-1;38;103
1600;15;10;-1;38;95
1601;15;10;-1;38;40
1602;15;10;-1;38;57
1603;15;10;-1;38;59
1604;15;10;-1;38;1
1605;15;10;-1;38;177
1606;15;10;-1;38;231
1607;15;10;-1;38;63
1608;15;10;-1;38;116
1609;15;10;-1;38;43
1610;15;10;-1;38;35
1611;15;10;-1;38;145
1612;15;10;-1;38;45
1613;15;10;-1;38;117
1614;15;10;-1;38;81
1615;15;10;-1;38;2
1616;15;10;-1;38;125
1617;15;10;-1;38;18
1618;15;10;-1;38;9
1619;15;10;-1;38;2
1620;15;10;-1;38;3
1621;15;10;-1;38;5
1622;15;10;-1;38;3
1623;15;10;-1;38;8
1624;15;10;-1;38;16
1625;15;10;-1;38;19
1626;15;10;-1;38;41
1627;15;10;-1;38;4
1628;15;10;-1;38;0
1629;15;10;-1;38;3
1630;15;10;-1;38;23
1631;15;10;-1;38;9
1632;15;10;-1;38;13
1633;15;10;-1;38;58
1634;15;10;-1;38;117
1635;15;10;-1;38;58
1636;15;10;-1;38;41
1637;15;10;-1;38;138
1638;15;10;-1;38;175
1639;15;10;-1;38;161
1640;15;10;-1;38;149
1641;15;10;-1;38;149
1642;15;10;-1;38;118
1643;15;10;-1;38;156
1644;15;10;-1;38;147
1645;15;10;-1;38;143
1646;15;10;-1;38;146
1647;15;10;-1;38;161
1648;15;10;-1;38;22
1649;15;10;-1;38;174
1650;15;10;-1;38;177
1651;15;10;-1;38;142
1652;15;10;-1;38;115
1653;15;10;-1;38;103
1654;15;10;-1;38;157
1655;15;10;-1;38;148
1656;15;10;-1;38;122
1657;15;10;-1;38;106
1658;15;10;-1;38;94
1659;15;10;-1;38;107
1660;15;10;-1;38;89
1661;15;10;-1;38;83
1662;15;10;-1;38;69
1663;15;10;-1;38;71
1664;15;10;-1;38;52
1665;15;10;-1;38;47
1666;15;10;-1;38;62
1667;15;10;-1;38;103
1668;15;10;-1;38;27
1669;15;10;-1;38;44
1670;15;10;-1;38;16
1671;15;10;-1;38;21
1672;15;10;-1;38;23
1673;15;10;-1;38;9
1674;15;10;-1;38;21
1675;15;10;-1;38;20
1676;15;10;-1;38;18
1677;15;10;-1;38;53
1678;15;10;-1;38;46
1679;15;10;-1;38;6
1680;15;10;-1;38;17
1681;15;10;-1;38;48
1682;15;10;-1;38;7
1683;15;10;-1;38;8
1684;15;10;-1;38;2
1685;15;10;-1;38;120
1686;15;10;-1;38;25
1687;15;10;-1;38;91
1688;15;10;-1;38;12
1689;15;10;-1;38;5
1690;15;10;-1;38;3
1691;15;10;-1;38;3
1692;15;10;-1;38;7
1693;15;10;-1;38;26
1694;15;10;-1;38;2
1695;15;10;-1;38;11
1696;15;10;-1;38;6
1697;15;10;-1;38;-1
1698;15;10;-1;38;2
1699;15;10;-1;38;8
1700;15;10;-1;38;3
1701;15;10;-1;38;3
1702;15;10;-1;38;34
1703;15;10;-1;38;22
1704;15;10;-1;38;85
1705;15;10;-1;38;38
1706;15;10;-1;38;2
1707;15;10;-1;38;16
1708;15;10;-1;38;9
1709;15;10;-1;38;23
1710;15;10;-1;38;2
1711;15;10;-1;38;28
1712;15;10;-1;38;50
1713;15;10;-1;38;13
1714;15;10;-1;38;16
1715;15;10;-1;38;102
1716;7;10;-1;38;34
1717;15;10;-1;38;42
1718;15;10;-1;38;68
1719;15;10;-1;38;45
1720;15;10;-1;38;25
1721;15;10;-1;38;37
1722;15;10;-1;38;35
1723;15;10;-1;38;41
1724;15;10;-1;38;24
1725;15;10;-1;38;24
1726;15;10;-1;38;33
1727;15;10;-1;38;35
1728;15;10;-1;38;42
1729;15;10;-1;38;25
1730;15;10;-1;38;25
1731;15;10;-1;38;34
1732;15;10;-1;38;21
1733;15;10;-1;38;27
1734;15;10;-1;38;11
1735;15;10;-1;38;17
1736;15;10;-1;38;16
1737;15;10;-1;38;17
1738;15;10;-1;38;17
1739;15;10;-1;38;16
1740;15;10;-1;38;14
1741;15;10;-1;38;15
1742;15;10;-1;38;17
1743;15;10;-1;38;15
1744;15;10;-1;38;14
1745;15;10;-1;38;16
1746;15;10;-1;38;16
1747;15;10;-1;38;13
1748;15;10;-1;38;12
1749;15;10;-1;38;11
1750;15;10;-1;38;13
1751;15;10;-1;38;10
1752;15;10;-1;38;16
1753;15;10;-1;38;13
1754;15;10;-1;38;11
1755;15;10;-1;38;12
1756;15;10;-1;38;10
1757;15;10;-1;38;9
1758;15;10;-1;38;2
1759;15;10;-1;38;31
1760;15;10;-1;38;28
1761;15;10;-1;38;16
1762;15;10;-1;38;5
1763;15;10;-1;38;25
1764;15;10;-1;38;17
1765;15;10;-1;38;22
1766;15;10;-1;38;17
1767;15;10;-1;38;14
1768;15;10;-1;38;7
1769;15;10;-1;38;15
1770;15;10;-1;38;7
1771;15;10;-1;38;11
1772;15;10;-1;38;14
1773;15;10;-1;38;11
1774;15;10;-1;38;31
1775;15;10;-1;38;37
1776;15;10;-1;38;41
1777;8;5;-1;16;114
1778;8;5;-1;16;97
1779;15;10;-1;38;11
1780;15;10;-1;38;12
1781;15;10;-1;38;8
1782;15;10;-1;38;5
1783;15;10;-1;38;13
1784;15;10;-1;38;20
1785;15;10;-1;38;17
1786;15;10;-1;38;23
1787;15;10;-1;38;23
1788;15;10;-1;38;30
1789;15;10;-1;38;22
1790;15;10;-1;38;28
1791;15;10;-1;38;0
1792;15;10;-1;38;24
1793;15;10;-1;38;5
1794;15;10;-1;38;6
1795;15;10;-1;38;29
1796;15;10;-1;38;18
1797;15;10;-1;38;6
1798;15;10;-1;38;4
1799;15;10;-1;38;2
1800;15;10;-1;38;23
1801;15;10;-1;38;42
1802;15;10;-1;38;3
1803;15;10;-1;38;3
1804;15;10;-1;38;1
1805;15;10;-1;38;0
1806;15;10;-1;38;0
1807;15;10;-1;38;1
1808;15;10;-1;38;-2
1809;15;10;-1;38;-2
1810;15;10;-1;38;15
1811;15;10;-1;38;10
1812;15;10;-1;38;4
1813;15;10;-1;38;11
1814;15;10;-1;38;6
1815;15;10;-1;38;4
1816;15;10;-1;38;0
1817;15;10;-1;38;1
1818;15;10;-1;38;3
1819;15;10;-1;38;6
1820;15;10;-1;38;24
1821;15;10;-1;38;20
1822;15;10;-1;38;46
1823;15;10;-1;38;55
1824;15;10;-1;38;58
1825;15;10;-1;38;52
1826;15;10;-1;38;37
1827;15;10;-1;38;32
1828;15;10;-1;38;19
1829;15;10;-1;38;6
1830;15;10;-1;38;7
1831;15;10;-1;38;24
1832;15;10;-1;38;44
1833;15;10;-1;38;38
1834;15;10;-1;38;55
1835;15;10;-1;38;66
1836;15;10;-1;38;57
1837;15;10;-1;38;52
1838;15;10;-1;38;83
1839;15;10;-1;38;51
1840;15;10;-1;38;64
1841;15;10;-1;38;84
1842;15;10;-1;38;50
1843;15;10;-1;38;51
1844;15;10;-1;38;25
1845;15;10;-1;38;35
1846;15;10;-1;38;22
1847;15;10;-1;38;4
1848;15;10;-1;38;1
1849;15;10;-1;38;0
1850;15;10;-1;38;0
1851;15;10;-1;38;-2
1852;15;10;-1;38;0
1853;15;10;-1;38;31
1854;15;10;-1;38;109
1855;15;10;-1;38;78
1856;15;10;-1;38;65
1857;15;10;-1;38;266
1858;15;10;-1;38;42
1859;15;10;-1;38;18
1860;15;10;-1;38;55
1861;15;10;-1;38;84
1862;15;10;-1;38;10
1863;15;10;-1;38;21
1864;15;10;-1;38;21
1865;15;10;-1;38;1
1866;15;10;-1;38;20
1867;15;10;-1;38;14
1868;15;10;-1;38;24
1869;15;10;-1;38;158
1870;15;10;-1;38;51
1871;15;10;-1;38;41
1872;15;10;-1;38;23
1873;15;10;-1;38;48
1874;15;10;-1;38;21
1875;15;10;-1;38;53
1876;15;10;-1;38;25
1877;15;10;-1;38;21
1878;15;10;-1;38;26
1879;15;10;-1;38;8
1880;15;10;-1;38;10
1881;15;10;-1;38;15
1882;15;10;-1;38;21
1883;15;10;-1;38;2
1884;15;10;-1;38;15
1885;15;10;-1;38;26
1886;15;10;-1;38;13
1887;15;10;-1;38;53
1888;15;10;-1;38;38
1889;15;10;-1;38;43
1890;15;10;-1;38;56
1891;15;10;-1;38;50
1892;15;10;-1;38;43
1893;15;10;-1;38;35
1894;15;10;-1;38;41
1895;15;10;-1;38;93
1896;15;10;-1;38;100
1897;15;10;-1;38;131
1898;15;10;-1;38;132
1899;15;10;-1;38;139
1900;15;10;-1;38;148
1901;15;10;-1;38;133
1902;15;10;-1;38;134
1903;15;10;-1;38;149
1904;15;10;-1;38;219
1905;15;10;-1;38;245
1906;15;10;-1;38;294
1907;15;10;-1;38;180
1908;15;10;-1;38;218
1909;15;10;-1;38;302
1910;15;10;-1;38;253
1911;15;10;-1;38;163
1912;15;10;-1;38;70
1913;15;10;-1;38;44
1914;15;10;-1;38;25
1915;15;10;-1;38;32
1916;15;10;-1;38;83
1917;15;10;-1;38;63
1918;15;10;-1;38;36
1919;15;10;-1;38;4
1920;15;10;-1;38;10
1921;15;10;-1;38;22
1922;15;10;-1;38;37
1923;15;10;-1;38;18
1924;15;10;-1;38;2
1925;15;10;-1;38;2
1926;15;10;-1;38;2
1927;15;10;-1;38;3
1928;15;10;-1;38;0
1929;15;10;-1;38;5
1930;15;10;-1;38;0
1931;15;10;-1;38;1
1932;15;10;-1;38;3
1933;15;10;-1;38;5
1934;15;10;-1;38;2
1935;15;10;-1;38;2
1936;15;10;-1;38;14
1937;15;10;-1;38;1
1938;15;10;-1;38;2
1939;15;10;-1;38;-1
1940;15;10;-1;38;5
1941;15;10;-1;38;5
1942;15;10;-1;38;9
1943;15;10;-1;38;4
1944;15;10;-1;38;9
1945;15;10;-1;38;5
1946;15;10;-1;38;7
1947;15;10;-1;38;5
1948;15;10;-1;38;5
1949;15;10;-1;38;4
1950;15;10;-1;38;8
1951;15;10;-1;38;11
1952;15;10;-1;38;12
1953;15;10;-1;38;6
1954;15;10;-1;38;7
1955;15;10;-1;38;6
1956;15;10;-1;38;8
1957;15;10;-1;38;11
1958;15;10;-1;38;9
1959;15;10;-1;38;9
1960;15;10;-1;38;13
1961;15;10;-1;38;12
1962;15;10;-1;38;12
1963;15;10;-1;38;19
1964;15;10;-1;38;22
1965;15;10;-1;38;25
1966;15;10;-1;38;11
1967;15;10;-1;38;3
1968;15;10;-1;38;13
1969;15;10;-1;38;16
1970;15;10;-1;38;20
1971;15;10;-1;38;39
1972;15;10;-1;38;54
1973;15;10;-1;38;21
1974;15;10;-1;38;38
1975;15;10;-1;38;23
1976;15;10;-1;38;252
1977;15;10;-1;38;99
1978;15;10;-1;38;352
1979;15;10;-1;38;120
1980;15;10;-1;38;55
1981;15;10;-1;38;32
1982;15;10;-1;38;29
1983;15;10;-1;38;12
1984;15;10;-1;38;4
1985;15;10;-1;38;4
1986;15;10;-1;38;3
1987;15;10;-1;38;11
1988;15;10;-1;38;4
1989;15;10;-1;38;8
1990;15;10;-1;38;41
1991;15;10;-1;38;53
1992;15;10;-1;38;113
1993;15;10;-1;38;92
1994;15;10;-1;38;273
1995;15;10;-1;38;16
1996;15;10;-1;38;8
1997;15;10;-1;38;8
1998;15;10;-1;38;38
1999;15;10;-1;38;24
2000;15;10;-1;38;16
2001;15;10;-1;38;4
2002;15;10;-1;38;8
2003;15;10;-1;38;5
2004;15;10;-1;38;5
2005;15;10;-1;38;18
2006;15;10;-1;38;6
2007;15;10;-1;38;19
2008;15;10;-1;38;44
2009;15;10;-1;38;60
2010;15;10;-1;38;232
2011;15;10;-1;38;127
2012;15;10;-1;38;258
2013;15;10;-1;38;26
2014;15;10;-1;38;18
2015;15;10;-1;38;18
2016;15;10;-1;38;247
2017;15;10;-1;38;35
2018;15;10;-1;38;0
2019;15;10;-1;38;61
2020;15;10;-1;38;102
2021;15;10;-1;38;73
2022;15;10;-1;38;35
2023;15;10;-1;38;24
2024;15;10;-1;38;8
2025;15;10;-1;38;38
2026;15;10;-1;38;70
2027;15;10;-1;38;59
2028;15;10;-1;38;11
2029;15;10;-1;38;6
2030;15;10;-1;38;5
2031;15;10;-1;38;9
2032;15;10;-1;38;13
2033;15;10;-1;38;15
2034;15;10;-1;38;17
2035;15;10;-1;38;15
2036;15;10;-1;38;26
2037;15;10;-1;38;22
2038;15;10;-1;38;40
2039;15;10;-1;38;26
2040;15;10;-1;38;24
2041;15;10;-1;38;40
2042;15;10;-1;38;25
2043;15;10;-1;38;15
2044;15;10;-1;38;15
2045;15;10;-1;38;12
2046;15;10;-1;38;9
2047;15;10;-1;38;10
2048;15;10;-1;38;3
2049;15;10;-1;38;0
2050;15;10;-1;38;11
2051;15;10;-1;38;9
2052;15;10;-1;38;36
2053;15;10;-1;38;5
2054;15;10;-1;38;7
2055;15;10;-1;38;14
2056;15;10;-1;38;45
2057;15;10;-1;38;10
2058;15;10;-1;38;7
2059;15;10;-1;38;6
2060;15;10;-1;38;7
2061;15;10;-1;38;7
2062;15;10;-1;38;7
2063;15;10;-1;38;5
2064;15;10;-1;38;7
2065;15;10;-1;38;7
2066;15;10;-1;38;6
2067;15;10;-1;38;9
2068;15;10;-1;38;4
2069;15;10;-1;38;6
2070;15;10;-1;38;4
2071;15;10;-1;38;6
2072;15;10;-1;38;6
2073;15;10;-1;38;8
2074;15;10;-1;38;9
2075;15;10;-1;38;8
2076;15;10;-1;38;11
2077;15;10;-1;38;12
2078;15;10;-1;38;13
2079;15;10;-1;38;14
2080;15;10;-1;38;14
2081;15;10;-1;38;13
2082;15;10;-1;38;14
2083;15;10;-1;38;10
2084;15;10;-1;38;10
2085;15;10;-1;38;13
2086;15;10;-1;38;11
2087;15;10;-1;38;8
2088;15;10;-1;38;13
2089;15;10;-1;38;7
2090;15;10;-1;38;9
2091;15;10;-1;38;12
2092;15;10;-1;38;15
2093;15;10;-1;38;8
2094;15;10;-1;38;3
2095;15;10;-1;38;3
2096;15;10;-1;38;3
2097;15;10;-1;38;5
2098;15;10;-1;38;6
2099;15;10;-1;38;8
2100;15;10;-1;38;7
2101;15;10;-1;38;14
2102;15;10;-1;38;9
2103;15;10;-1;38;9
2104;15;10;-1;38;9
2105;15;10;-1;38;12
2106;15;10;-1;38;15
2107;15;10;-1;38;17
2108;15;10;-1;38;17
2109;15;10;-1;38;10
2110;15;10;-1;38;22
2111;15;10;-1;38;11
2112;15;10;-1;38;11
2113;15;10;-1;38;10
2114;15;10;-1;38;12
2115;15;10;-1;38;23
2116;15;10;-1;38;39
2117;15;10;-1;38;26
2118;15;10;-1;38;30
2119;15;10;-1;38;15
2120;15;10;-1;38;23
2121;15;10;-1;38;32
2122;15;10;-1;38;29
2123;15;10;-1;38;39
2124;15;10;-1;38;34
2125;15;10;-1;38;31
2126;15;10;-1;38;43
2127;15;10;-1;38;26
2128;15;10;-1;38;27
2129;15;10;-1;38;26
2130;15;10;-1;38;23
2131;15;10;-1;38;30
2132;15;10;-1;38;29
2133;15;10;-1;38;25
2134;15;10;-1;38;33
2135;15;10;-1;38;26
2136;15;10;-1;38;12
2137;15;10;-1;38;7
2138;15;10;-1;38;10
2139;15;10;-1;38;8
2140;15;10;-1;38;8
2141;15;10;-1;38;12
2142;15;10;-1;38;0
2143;15;10;-1;38;5
2144;15;10;-1;38;5
2145;15;10;-1;38;5
2146;15;10;-1;38;2
2147;15;10;-1;38;7
2148;15;10;-1;38;3
2149;15;10;-1;38;4
2150;15;10;-1;38;14
2151;15;10;-1;38;20
2152;15;10;-1;38;23
2153;15;10;-1;38;7
2154;15;10;-1;38;15
2155;15;10;-1;38;197
2156;15;10;-1;38;47
2157;15;10;-1;38;15
2158;15;10;-1;38;23
2159;15;10;-1;38;15
2160;15;10;-1;38;21
2161;15;10;-1;38;11
2162;15;10;-1;38;16
2163;15;10;-1;38;5
2164;15;10;-1;38;3
2165;15;10;-1;38;5
2166;15;10;-1;38;189
2167;15;10;-1;38;423
2168;15;10;-1;38;108
2169;15;10;-1;38;34
2170;15;10;-1;38;225
2171;15;10;-1;38;37
2172;15;10;-1;38;7
2173;15;10;-1;38;4
2174;15;10;-1;38;2
2175;15;10;-1;38;16
2176;15;10;-1;38;21
2177;15;10;-1;38;26
2178;15;10;-1;38;67
2179;15;10;-1;38;15
2180;15;10;-1;38;26
2181;15;10;-1;38;112
2182;15;10;-1;38;14
2183;15;10;-1;38;10
2184;15;10;-1;38;1
2185;15;10;-1;38;56
2186;15;10;-1;38;174
2187;15;10;-1;38;106
2188;15;10;-1;38;17
2189;15;10;-1;38;81
2190;15;10;-1;38;23
2191;15;10;-1;38;19
2192;15;10;-1;38;12
2193;15;10;-1;38;12
2194;15;10;-1;38;9
2195;15;10;-1;38;5
2196;15;10;-1;38;12
2197;15;10;-1;38;8
2198;15;10;-1;38;9
2199;15;10;-1;38;10
2200;15;10;-1;38;10
2201;15;10;-1;38;9
2202;15;10;-1;38;10
2203;15;10;-1;38;8
2204;15;10;-1;38;8
2205;15;10;-1;38;5
2206;15;10;-1;38;10
2207;15;10;-1;38;8
2208;15;10;-1;38;17
2209;15;10;-1;38;9
2210;15;10;-1;38;9
2211;15;10;-1;38;26
2212;15;10;-1;38;14
2213;15;10;-1;38;9
2214;15;10;-1;38;35
2215;15;10;-1;38;17
2216;15;10;-1;38;11
2217;15;10;-1;38;30
2218;15;10;-1;38;26
2219;15;10;-1;38;31
2220;15;10;-1;38;9
2221;15;10;-1;38;5
2222;15;10;-1;38;17
2223;15;10;-1;38;30
2224;15;10;-1;38;24
2225;15;10;-1;38;24
2226;15;10;-1;38;35
2227;15;10;-1;38;47
2228;15;10;-1;38;35
2229;15;10;-1;38;58
2230;15;10;-1;38;27
2231;15;10;-1;38;16
2232;15;10;-1;38;22
2233;15;10;-1;38;13
2234;15;10;-1;38;8
2235;15;10;-1;38;40
2236;15;10;-1;38;25
2237;15;10;-1;38;6
2238;15;10;-1;38;5
2239;15;10;-1;38;4
2240;15;10;-1;38;8
2241;15;10;-1;38;21
2242;15;10;-1;38;26
2243;15;10;-1;38;22
2244;15;10;-1;38;29
2245;15;10;-1;38;84
2246;15;10;-1;38;6
2247;15;10;-1;38;6
2248;15;10;-1;38;8
2249;15;10;-1;38;964
2250;15;10;-1;38;590
2251;15;10;-1;38;649
2252;15;10;-1;38;407
2253;15;10;-1;38;45
2254;15;10;-1;38;310
2255;15;10;-1;38;99
2256;15;10;-1;38;12
2257;15;10;-1;38;10
2258;15;10;-1;38;9
2259;15;10;-1;38;15
2260;15;10;-1;38;10
2261;15;10;-1;38;8
2262;15;10;-1;38;11
2263;15;10;-1;38;174
2264;15;10;-1;38;154
2265;15;10;-1;38;22
2266;15;10;-1;38;114
2267;15;10;-1;38;741
2268;15;10;-1;38;500
2269;15;10;-1;38;433
2270;15;10;-1;38;78
2271;15;10;-1;38;45
2272;15;10;-1;38;29
2273;15;10;-1;38;42
2274;15;10;-1;38;23
2275;15;10;-1;38;23
2276;15;10;-1;38;14
2277;15;10;-1;38;7
2278;15;10;-1;38;13
2279;15;10;-1;38;9
2280;15;10;-1;38;172
2281;15;10;-1;38;1
2282;15;10;-1;38;6
2283;15;10;-1;38;4
2284;15;10;-1;38;1
2285;15;10;-1;38;2
2286;15;10;-1;38;1
2287;15;10;-1;38;1
2288;15;10;-1;38;4
2289;15;10;-1;38;6
2290;15;10;-1;38;8
2291;15;10;-1;38;1
2292;15;10;-1;38;5
2293;15;10;-1;38;8
2294;15;10;-1;38;10
2295;15;10;-1;38;27
2296;15;10;-1;38;52
2297;15;10;-1;38;25
2298;15;10;-1;38;23
2299;15;10;-1;38;41
2300;15;10;-1;38;55
2301;15;10;-1;38;73
2302;15;10;-1;38;83
2303;15;10;-1;38;110
2304;15;10;-1;38;111
2305;15;10;-1;38;68
2306;15;10;-1;38;35
2307;15;10;-1;38;48
2308;15;10;-1;38;29
2309;15;10;-1;38;23
2310;15;10;-1;38;34
2311;15;10;-1;38;35
2312;15;10;-1;38;66
2313;15;10;-1;38;65
2314;15;10;-1;38;52
2315;15;10;-1;38;51
2316;15;10;-1;38;43
2317;15;10;-1;38;6
2318;15;10;-1;38;25
2319;15;10;-1;38;68
2320;15;10;-1;38;90
2321;15;10;-1;38;89
2322;15;10;-1;38;43
2323;15;10;-1;38;2
2324;15;10;-1;38;20
2325;15;10;-1;38;33
2326;15;10;-1;38;47
2327;15;10;-1;38;16
2328;15;10;-1;38;33
2329;15;10;-1;38;52
2330;15;10;-1;38;65
2331;15;10;-1;38;61
2332;15;10;-1;38;55
2333;15;10;-1;38;46
2334;15;10;-1;38;32
2335;15;10;-1;38;23
2336;15;10;-1;38;39
2337;15;10;-1;38;40
2338;15;10;-1;38;36
2339;15;10;-1;38;24
2340;15;10;-1;38;49
2341;15;10;-1;38;56
2342;15;10;-1;38;26
2343;15;10;-1;38;6
2344;15;10;-1;38;5
2345;15;10;-1;38;2
2346;15;10;-1;38;38
2347;15;10;-1;38;57
2348;15;10;-1;38;14
2349;15;10;-1;38;7
2350;15;10;-1;38;5
2351;15;10;-1;38;12
2352;15;10;-1;38;8
2353;15;10;-1;38;12
2354;15;10;-1;38;14
2355;15;10;-1;38;4
2356;15;10;-1;38;4
2357;15;10;-1;38;8
2358;15;10;-1;38;3
2359;15;10;-1;38;0
2360;15;10;-1;38;6
2361;15;10;-1;38;21
2362;15;10;-1;38;16
2363;15;10;-1;38;53
2364;15;10;-1;38;19
2365;15;10;-1;38;153
2366;15;10;-1;38;-1
2367;15;10;-1;38;25
2368;15;10;-1;38;38
2369;15;10;-1;38;16
2370;15;10;-1;38;10
2371;15;10;-1;38;7
2372;15;10;-1;38;6
2373;15;10;-1;38;0
2374;15;10;-1;38;7
2375;15;10;-1;38;4
2376;15;10;-1;38;7
2377;15;10;-1;38;5
2378;15;10;-1;38;15
2379;15;10;-1;38;17
2380;15;10;-1;38;2
2381;15;10;-1;38;5
2382;15;10;-1;38;14
2383;15;10;-1;38;44
2384;15;10;-1;38;30
2385;15;10;-1;38;33
2386;15;10;-1;38;149
2387;15;10;-1;38;30
2388;15;10;-1;38;94
2389;15;10;-1;38;41
2390;15;10;-1;38;223
2391;15;10;-1;38;260
2392;15;10;-1;38;191
2393;15;10;-1;38;68
2394;15;10;-1;38;90
2395;15;10;-1;38;143
2396;15;10;-1;38;59
2397;15;10;-1;38;174
2398;15;10;-1;38;0
2399;15;10;-1;38;79
2400;15;10;-1;38;85
2401;15;10;-1;38;173
2402;15;10;-1;38;103
2403;15;10;-1;38;98
2404;15;10;-1;38;143
2405;15;10;-1;38;312
2406;15;10;-1;38;258
2407;15;10;-1;38;276
2408;15;10;-1;38;164
2409;15;10;-1;38;207
2410;15;10;-1;38;170
2411;15;10;-1;38;7
2412;15;10;-1;38;18
2413;15;10;-1;38;70
2414;15;10;-1;38;278
2415;15;10;-1;38;205
2416;15;10;-1;38;150
2417;15;10;-1;38;136
2418;15;10;-1;38;158
2419;15;10;-1;38;159
2420;15;10;-1;38;57
2421;15;10;-1;38;137
2422;15;10;-1;38;3
2423;15;10;-1;38;5
2424;15;10;-1;38;5
2425;15;10;-1;38;4
2426;15;10;-1;38;7
2427;15;10;-1;38;7
2428;15;10;-1;38;6
2429;15;10;-1;38;8
2430;15;10;-1;38;13
2431;15;10;-1;38;10
2432;15;10;-1;38;14
2433;15;10;-1;38;13
2434;15;10;-1;38;12
2435;15;10;-1;38;15
2436;15;10;-1;38;11
2437;15;10;-1;38;8
2438;15;10;-1;38;7
2439;15;10;-1;38;4
2440;15;10;-1;38;4
2441;15;10;-1;38;9
2442;15;10;-1;38;4
2443;15;10;-1;38;3
2444;15;10;-1;38;3
2445;15;10;-1;38;2
2446;15;10;-1;38;3
2447;15;10;-1;38;4
2448;15;10;-1;38;3
2449;15;10;-1;38;2
2450;15;10;-1;38;4
2451;15;10;-1;38;4
2452;15;10;-1;38;3
2453;15;10;-1;38;5
2454;15;10;-1;38;5
2455;15;10;-1;38;3
2456;15;10;-1;38;3
2457;15;10;-1;38;3
2458;15;10;-1;38;5
2459;15;10;-1;38;5
2460;15;10;-1;38;6
2461;15;10;-1;38;5
2462;15;10;-1;38;7
2463;15;10;-1;38;7
2464;9;6;-1;25;11
2465;9;6;-1;25;18
2466;9;6;-1;25;21
2467;9;6;-1;25;20
2468;9;6;-1;25;14
2469;9;6;-1;25;14
2470;9;6;-1;25;21
2471;15;10;-1;38;7
2472;15;10;-1;38;6
2473;15;10;-1;38;6
2474;15;10;-1;38;4
2475;15;10;-1;38;3
2476;15;10;-1;38;0
2477;15;10;-1;38;0
2478;15;10;-1;38;0
2479;15;10;-1;38;0
2480;15;10;-1;38;0
2481;15;10;-1;38;2
2482;15;10;-1;38;0
2483;15;10;-1;38;0
2484;15;10;-1;38;0
2485;15;10;-1;38;1
2486;15;10;-1;38;3
2487;15;10;-1;38;0
2488;15;10;-1;38;3
2489;15;10;-1;38;-1
2490;15;10;-1;38;3
2491;15;10;-1;38;9
2492;15;10;-1;38;3
2493;15;10;-1;38;5
2494;15;10;-1;38;0
2495;15;10;-1;38;1
2496;15;10;-1;38;0
2497;15;10;-1;38;0
2498;15;10;-1;38;0
2499;15;10;-1;38;0
2500;15;10;-1;38;1
2501;15;10;-1;38;4
2502;15;10;-1;38;1
2503;15;10;-1;38;0
2504;15;10;-1;38;2
2505;15;10;-1;38;3
2506;15;10;-1;38;1
2507;15;10;-1;38;0
2508;15;10;-1;38;7
2509;15;10;-1;38;3
2510;15;10;-1;38;4
2511;15;10;-1;38;5
2512;15;10;-1;38;1
2513;15;10;-1;38;4
2514;15;10;-1;38;3
2515;15;10;-1;38;0
2516;15;10;-1;38;2
2517;15;10;-1;38;0
2518;15;10;-1;38;3
2519;15;10;-1;38;1
2520;15;10;-1;38;2
2521;15;10;-1;38;1
2522;15;10;-1;38;0
2523;15;10;-1;38;3
2524;15;10;-1;38;2
2525;15;10;-1;38;3
2526;15;10;-1;38;3
2527;15;10;-1;38;6
2528;15;10;-1;38;5
2529;15;10;-1;38;2
2530;15;10;-1;38;4
2531;15;10;-1;38;4
2532;15;10;-1;38;5
2533;15;10;-1;38;3
2534;15;10;-1;38;4
2535;15;10;-1;38;3
2536;15;10;-1;38;4
2537;15;10;-1;38;6
2538;15;10;-1;38;5
2539;15;10;-1;38;74
2540;15;10;-1;38;147
2541;15;10;-1;38;206
2542;15;10;-1;38;25
2543;15;10;-1;38;98
2544;15;10;-1;38;27
2545;15;10;-1;38;157
2546;15;10;-1;38;367
2547;15;10;-1;38;372
2548;15;10;-1;38;474
2549;15;10;-1;38;459
2550;15;10;-1;38;409
2551;15;10;-1;38;440
2552;15;10;-1;38;345
2553;15;10;-1;38;419
2554;15;10;-1;38;442
2555;15;10;-1;38;189
2556;15;10;-1;38;273
2557;15;10;-1;38;1
2558;15;10;-1;38;1
2559;15;10;-1;38;26
2560;15;10;-1;38;13
2561;15;10;-1;38;93
2562;15;10;-1;38;611
2563;15;10;-1;38;750
2564;15;10;-1;38;209
2565;15;10;-1;38;232
2566;15;10;-1;38;6
2567;15;10;-1;38;5
2568;15;10;-1;38;15
2569;15;10;-1;38;16
2570;15;10;-1;38;11
2571;15;10;-1;38;10
2572;15;10;-1;38;18
2573;15;10;-1;38;14
2574;15;10;-1;38;16
2575;15;10;-1;38;22
2576;15;10;-1;38;225
2577;15;10;-1;38;23
2578;15;10;-1;38;52
2579;15;10;-1;38;78
2580;15;10;-1;38;43
2581;15;10;-1;38;141
2582;15;10;-1;38;169
2583;15;10;-1;38;189
2584;15;10;-1;38;85
2585;15;10;-1;38;140
2586;15;10;-1;38;15
2587;15;10;-1;38;168
2588;15;10;-1;38;18
2589;15;10;-1;38;86
2590;15;10;-1;38;41
2591;15;10;-1;38;25
2592;15;10;-1;38;34
2593;15;10;-1;38;65
2594;15;10;-1;38;70
2595;15;10;-1;38;149
2596;15;10;-1;38;83
2597;15;10;-1;38;164
2598;15;10;-1;38;26
2599;15;10;-1;38;97
2600;15;10;-1;38;75
2601;15;10;-1;38;46
2602;15;10;-1;38;26
2603;15;10;-1;38;46
2604;15;10;-1;38;201
2605;15;10;-1;38;184
2606;15;10;-1;38;160
2607;15;10;-1;38;116
2608;15;10;-1;38;122
2609;15;10;-1;38;90
2610;15;10;-1;38;132
2611;15;10;-1;38;67
2612;15;10;-1;38;52
2613;15;10;-1;38;60
2614;15;10;-1;38;6
2615;15;10;-1;38;106
2616;15;10;-1;38;188
2617;15;10;-1;38;86
2618;15;10;-1;38;96
2619;15;10;-1;38;149
2620;15;10;-1;38;131
2621;15;10;-1;38;47
2622;15;10;-1;38;60
2623;15;10;-1;38;0
2624;15;10;-1;38;0
2625;15;10;-1;38;37
2626;15;10;-1;38;171
2627;15;10;-1;38;0
2628;15;10;-1;38;56
2629;15;10;-1;38;177
2630;15;10;-1;38;199
2631;15;10;-1;38;88
2632;15;10;-1;38;7
2633;15;10;-1;38;19
2634;15;10;-1;38;6
2635;15;10;-1;38;239
2636;15;10;-1;38;274
2637;15;10;-1;38;40
2638;15;10;-1;38;154
2639;15;10;-1;38;152
2640;15;10;-1;38;90
2641;15;10;-1;38;46
2642;15;10;-1;38;94
2643;15;10;-1;38;73
2644;15;10;-1;38;44
2645;15;10;-1;38;34
2646;15;10;-1;38;100
2647;15;10;-1;38;203
2648;15;10;-1;38;63
2649;15;10;-1;38;76
2650;15;10;-1;38;93
2651;15;10;-1;38;41
2652;15;10;-1;38;46
2653;15;10;-1;38;6
2654;15;10;-1;38;163
2655;15;10;-1;38;206
2656;15;10;-1;38;243
2657;15;10;-1;38;263
2658;15;10;-1;38;226
2659;15;10;-1;38;293
2660;15;10;-1;38;11
2661;15;10;-1;38;48
2662;15;10;-1;38;63
2663;15;10;-1;38;23
2664;15;10;-1;38;61
2665;15;10;-1;38;185
2666;15;10;-1;38;107
2667;15;10;-1;38;259
2668;15;10;-1;38;189
2669;15;10;-1;38;127
2670;15;10;-1;38;42
2671;15;10;-1;38;77
2672;15;10;-1;38;20
2673;15;10;-1;38;150
2674;15;10;-1;38;138
2675;15;10;-1;38;141
2676;15;10;-1;38;205
2677;15;10;-1;38;126
2678;15;10;-1;38;151
2679;15;10;-1;38;234
2680;15;10;-1;38;199
2681;15;10;-1;38;243
2682;15;10;-1;38;265
2683;15;10;-1;38;210
2684;15;10;-1;38;110
2685;15;10;-1;38;1
2686;15;10;-1;38;1
2687;15;10;-1;38;1
2688;15;10;-1;38;0
2689;15;10;-1;38;0
2690;15;10;-1;38;0
2691;15;10;-1;38;0
2692;15;10;-1;38;1
2693;15;10;-1;38;3
2694;15;10;-1;38;4
2695;15;10;-1;38;18
2696;15;10;-1;38;34
2697;15;10;-1;38;25
2698;15;10;-1;38;11
2699;15;10;-1;38;34
2700;15;10;-1;38;33
2701;15;10;-1;38;0
2702;15;10;-1;38;1
2703;15;10;-1;38;0
2704;15;10;-1;38;0
2705;15;10;-1;38;0
2706;15;10;-1;38;4
2707;15;10;-1;38;0
2708;15;10;-1;38;0
2709;15;10;-1;38;0
2710;15;10;-1;38;0
2711;15;10;-1;38;0
2712;15;10;-1;38;0
2713;15;10;-1;38;0
2714;15;10;-1;38;0
2715;15;10;-1;38;0
2716;15;10;-1;38;0
2717;15;10;-1;38;0
2718;15;10;-1;38;0
2719;15;10;-1;38;0
2720;15;10;-1;38;18
2721;15;10;-1;38;5
2722;15;10;-1;38;1
2723;15;10;-1;38;7
2724;15;10;-1;38;15
2725;15;10;-1;38;7
2726;15;10;-1;38;5
2727;15;10;-1;38;0
2728;15;10;-1;38;4
2729;15;10;-1;38;0
2730;15;10;-1;38;0
2731;15;10;-1;38;4
2732;15;10;-1;38;0
2733;15;10;-1;38;0
2734;15;10;-1;38;4
2735;15;10;-1;38;12
2736;15;10;-1;38;8
2737;15;10;-1;38;9
2738;15;10;-1;38;74
2739;15;10;-1;38;28
2740;15;10;-1;38;0
2741;15;10;-1;38;2
2742;15;10;-1;38;148
2743;15;10;-1;38;180
2744;15;10;-1;38;158
2745;15;10;-1;38;5
2746;15;10;-1;38;38
2747;15;10;-1;38;64
2748;15;10;-1;38;0
2749;15;10;-1;38;108
2750;15;10;-1;38;20
2751;15;10;-1;38;7
2752;15;10;-1;38;33
2753;15;10;-1;38;7
2754;15;10;-1;38;100
2755;15;10;-1;38;120
2756;15;10;-1;38;76
2757;15;10;-1;38;87
2758;15;10;-1;38;0
2759;15;10;-1;38;0
2760;15;10;-1;38;37
2761;15;10;-1;38;31
2762;15;10;-1;38;32
2763;15;10;-1;38;0
2764;15;10;-1;38;1
2765;15;10;-1;38;1
2766;15;10;-1;38;8
2767;15;10;-1;38;2
2768;15;10;-1;38;0
2769;15;10;-1;38;0
2770;15;10;-1;38;2
2771;15;10;-1;38;6
2772;15;10;-1;38;4
2773;15;10;-1;38;10
2774;15;10;-1;38;5
2775;15;10;-1;38;9
2776;15;10;-1;38;0
2777;15;10;-1;38;1
2778;15;10;-1;38;7
2779;15;10;-1;38;16
2780;15;10;-1;38;16
2781;15;10;-1;38;15
2782;15;10;-1;38;14
2783;15;10;-1;38;13
2784;15;10;-1;38;8
2785;15;10;-1;38;11
2786;15;10;-1;38;10
2787;15;10;-1;38;9
2788;15;10;-1;38;8
2789;15;10;-1;38;7
2790;15;10;-1;38;9
2791;15;10;-1;38;13
2792;15;10;-1;38;16
2793;15;10;-1;38;11
2794;15;10;-1;38;6
2795;15;10;-1;38;12
2796;15;10;-1;38;11
2797;15;10;-1;38;10
2798;15;10;-1;38;0
2799;15;10;-1;38;0
2800;15;10;-1;38;0
2801;15;10;-1;38;2
2802;15;10;-1;38;1
2803;15;10;-1;38;1
2804;15;10;-1;38;0
2805;15;10;-1;38;4
2806;15;10;-1;38;0
2807;15;10;-1;38;4
2808;15;10;-1;38;0
2809;15;10;-1;38;0
2810;15;10;-1;38;0
2811;15;10;-1;38;7
2812;15;10;-1;38;3
2813;15;10;-1;38;6
2814;15;10;-1;38;9
2815;15;10;-1;38;12
2816;15;10;-1;38;7
2817;15;10;-1;38;10
2818;15;10;-1;38;6
2819;15;10;-1;38;5
2820;15;10;-1;38;3
2821;15;10;-1;38;4
2822;15;10;-1;38;9
2823;15;10;-1;38;0
2824;15;10;-1;38;0
2825;15;10;-1;38;3
2826;15;10;-1;38;4
2827;15;10;-1;38;6
2828;15;10;-1;38;5
2829;15;10;-1;38;5
2830;15;10;-1;38;6
2831;15;10;-1;38;6
2832;15;10;-1;38;6
2833;15;10;-1;38;7
2834;15;10;-1;38;5
2835;15;10;-1;38;8
2836;15;10;-1;38;6
2837;15;10;-1;38;5
2838;15;10;-1;38;4
2839;15;10;-1;38;5
2840;15;10;-1;38;2
2841;15;10;-1;38;4
2842;15;10;-1;38;4
2843;15;10;-1;38;6
2844;15;10;-1;38;3
2845;15;10;-1;38;4
2846;15;10;-1;38;5
2847;15;10;-1;38;6
2848;15;10;-1;38;7
2849;15;10;-1;38;7
2850;15;10;-1;38;6
2851;15;10;-1;38;8
2852;15;10;-1;38;11
2853;15;10;-1;38;6
2854;15;10;-1;38;6
2855;15;10;-1;38;7
2856;15;10;-1;38;5
2857;15;10;-1;38;4
2858;15;10;-1;38;3
2859;15;10;-1;38;3
2860;15;10;-1;38;28
2861;15;10;-1;38;188
2862;15;10;-1;38;55
2863;15;10;-1;38;22
2864;15;10;-1;38;25
2865;15;10;-1;38;80
2866;15;10;-1;38;69
2867;15;10;-1;38;29
2868;15;10;-1;38;24
2869;15;10;-1;38;20
2870;15;10;-1;38;29
2871;15;10;-1;38;51
2872;15;10;-1;38;150
2873;15;10;-1;38;237
2874;15;10;-1;38;30
2875;15;10;-1;38;35
2876;15;10;-1;38;37
2877;15;10;-1;38;9
2878;15;10;-1;38;15
2879;15;10;-1;38;42
2880;15;10;-1;38;63
2881;15;10;-1;38;32
2882;15;10;-1;38;29
2883;15;10;-1;38;19
2884;15;10;-1;38;13
2885;15;10;-1;38;10
2886;15;10;-1;38;64
2887;15;10;-1;38;31
2888;15;10;-1;38;42
2889;15;10;-1;38;75
2890;15;10;-1;38;188
2891;15;10;-1;38;186
2892;15;10;-1;38;377
2893;15;10;-1;38;412
2894;15;10;-1;38;213
2895;15;10;-1;38;189
2896;15;10;-1;38;319
2897;15;10;-1;38;491
2898;15;10;-1;38;561
2899;15;10;-1;38;1190
2900;15;10;-1;38;307
2901;15;10;-1;38;150
2902;15;10;-1;38;135
2903;15;10;-1;38;64
2904;15;10;-1;38;134
2905;15;10;-1;38;57
2906;15;10;-1;38;29
2907;15;10;-1;38;4
2908;15;10;-1;38;49
2909;15;10;-1;38;12
2910;15;10;-1;38;15
2911;15;10;-1;38;35
2912;15;10;-1;38;53
2913;15;10;-1;38;65
2914;15;10;-1;38;45
2915;15;10;-1;38;186
2916;15;10;-1;38;10
2917;15;10;-1;38;0
2918;15;10;-1;38;29
2919;15;10;-1;38;16
2920;15;10;-1;38;17
2921;15;10;-1;38;68
2922;15;10;-1;38;29
2923;15;10;-1;38;40
2924;15;10;-1;38;32
2925;15;10;-1;38;6
2926;15;10;-1;38;52
2927;15;10;-1;38;41
2928;15;10;-1;38;36
2929;15;10;-1;38;55
2930;15;10;-1;38;47
2931;15;10;-1;38;65
2932;15;10;-1;38;76
2933;15;10;-1;38;7
2934;15;10;-1;38;117
2935;15;10;-1;38;119
2936;15;10;-1;38;141
2937;15;10;-1;38;107
2938;15;10;-1;38;156
2939;15;10;-1;38;117
2940;15;10;-1;38;131
2941;15;10;-1;38;174
2942;15;10;-1;38;167
2943;15;10;-1;38;147
2944;15;10;-1;38;119
2945;15;10;-1;38;147
2946;15;10;-1;38;129
2947;15;10;-1;38;59
2948;15;10;-1;38;46
2949;15;10;-1;38;160
2950;15;10;-1;38;98
2951;15;10;-1;38;6
2952;15;10;-1;38;17
2953;15;10;-1;38;4
2954;15;10;-1;38;6
2955;15;10;-1;38;2
2956;15;10;-1;38;25
2957;15;10;-1;38;52
2958;15;10;-1;38;44
2959;15;10;-1;38;59
2960;15;10;-1;38;15
2961;15;10;-1;38;26
2962;15;10;-1;38;6
2963;15;10;-1;38;20
2964;15;10;-1;38;57
2965;15;10;-1;38;28
2966;15;10;-1;38;0
2967;15;10;-1;38;1
2968;15;10;-1;38;3
2969;15;10;-1;38;28
2970;15;10;-1;38;18
2971;15;10;-1;38;5
2972;15;10;-1;38;3
2973;15;10;-1;38;6
2974;15;10;-1;38;48
2975;15;10;-1;38;53
2976;15;10;-1;38;12
2977;15;10;-1;38;2
2978;15;10;-1;38;5
2979;15;10;-1;38;4
2980;15;10;-1;38;16
2981;15;10;-1;38;44
2982;15;10;-1;38;4
2983;15;10;-1;38;3
2984;15;10;-1;38;1
2985;15;10;-1;38;5
2986;15;10;-1;38;6
2987;15;10;-1;38;4
2988;15;10;-1;38;4
2989;15;10;-1;38;10
2990;15;10;-1;38;10
2991;15;10;-1;38;8
2992;15;10;-1;38;11
2993;15;10;-1;38;4
2994;15;10;-1;38;-1
2995;15;10;-1;38;-1
2996;15;10;-1;38;2
2997;15;10;-1;38;3
2998;15;10;-1;38;26
2999;15;10;-1;38;23
3000;15;10;-1;38;7
3001;15;10;-1;38;7
3002;15;10;-1;38;12
3003;15;10;-1;38;10
3004;15;10;-1;38;17
3005;15;10;-1;38;12
3006;15;10;-1;38;8
3007;10;7;-1;31;97
3008;10;7;-1;31;84
3009;10;7;-1;31;20
3010;10;7;-1;31;38
3011;10;7;-1;31;41
3012;10;7;-1;31;72
3013;10;7;-1;31;45
3014;10;7;-1;31;83
3015;10;7;-1;31;24
3016;10;7;-1;31;28
3017;10;7;-1;31;10
3018;10;7;-1;31;40
3019;10;7;-1;31;49
3020;10;7;-1;31;1
3021;10;7;-1;31;44
3022;10;7;-1;31;119
3023;10;7;-1;31;100
3024;10;7;-1;31;105
3025;10;7;-1;31;63
3026;15;10;-1;38;11
3027;15;10;-1;38;20
3028;15;10;-1;38;31
3029;15;10;-1;38;38
3030;15;10;-1;38;2
3031;15;10;-1;38;15
3032;15;10;-1;38;32
3033;15;10;-1;38;23
3034;15;10;-1;38;0
3035;15;10;-1;38;0
3036;15;10;-1;38;23
3037;15;10;-1;38;29
3038;15;10;-1;38;5
3039;15;10;-1;38;18
3040;15;10;-1;38;22
3041;15;10;-1;38;2
3042;15;10;-1;38;2
3043;15;10;-1;38;4
3044;15;10;-1;38;3
3045;15;10;-1;38;5
3046;15;10;-1;38;15
3047;15;10;-1;38;3
3048;15;10;-1;38;37
3049;15;10;-1;38;17
3050;15;10;-1;38;21
3051;15;10;-1;38;8
3052;15;10;-1;38;1
3053;15;10;-1;38;3
3054;15;10;-1;38;3
3055;15;10;-1;38;0
3056;15;10;-1;38;16
3057;15;10;-1;38;24
3058;15;10;-1;38;29
3059;15;10;-1;38;25
3060;15;10;-1;38;15
3061;15;10;-1;38;20
3062;15;10;-1;38;29
3063;15;10;-1;38;25
3064;15;10;-1;38;28
3065;15;10;-1;38;18
3066;15;10;-1;38;7
3067;15;10;-1;38;10
3068;15;10;-1;38;9
3069;15;10;-1;38;8
3070;15;10;-1;38;11
3071;15;10;-1;38;7
3072;15;10;-1;38;2
3073;15;10;-1;38;12
3074;15;10;-1;38;5
3075;15;10;-1;38;3
3076;15;10;-1;38;5
3077;15;10;-1;38;5
3078;15;10;-1;38;7
3079;15;10;-1;38;6
3080;15;10;-1;38;5
3081;15;10;-1;38;9
3082;15;10;-1;38;7
3083;15;10;-1;38;6
3084;15;10;-1;38;12
3085;15;10;-1;38;13
3086;15;10;-1;38;13
3087;15;10;-1;38;3
3088;15;10;-1;38;3
3089;15;10;-1;38;0
3090;15;10;-1;38;0
3091;15;10;-1;38;2
3092;15;10;-1;38;5
3093;15;10;-1;38;36
3094;15;10;-1;38;55
3095;15;10;-1;38;49
3096;15;10;-1;38;43
3097;15;10;-1;38;50
3098;15;10;-1;38;54
3099;15;10;-1;38;60
3100;15;10;-1;38;46
3101;15;10;-1;38;22
3102;15;10;-1;38;6
3103;15;10;-1;38;9
3104;15;10;-1;38;70
3105;15;10;-1;38;18
3106;15;10;-1;38;0
3107;15;10;-1;38;0
3108;15;10;-1;38;3
3109;15;10;-1;38;12
3110;15;10;-1;38;22
3111;15;10;-1;38;32
3112;15;10;-1;38;38
3113;15;10;-1;38;57
3114;15;10;-1;38;62
3115;15;10;-1;38;99
3116;15;10;-1;38;65
3117;15;10;-1;38;54
3118;15;10;-1;38;390
3119;15;10;-1;38;22
3120;15;10;-1;38;21
3121;15;10;-1;38;30
3122;15;10;-1;38;35
3123;15;10;-1;38;35
3124;15;10;-1;38;48
3125;15;10;-1;38;35
3126;15;10;-1;38;46
3127;15;10;-1;38;31
3128;15;10;-1;38;21
3129;15;10;-1;38;15
3130;15;10;-1;38;20
3131;15;10;-1;38;26
3132;15;10;-1;38;23
3133;15;10;-1;38;31
3134;15;10;-1;38;54
3135;15;10;-1;38;62
3136;15;10;-1;38;66
3137;15;10;-1;38;56
3138;15;10;-1;38;27
3139;15;10;-1;38;16
3140;15;10;-1;38;11
3141;15;10;-1;38;6
3142;15;10;-1;38;5
3143;15;10;-1;38;6
3144;15;10;-1;38;5
3145;15;10;-1;38;25
3146;15;10;-1;38;170
3147;15;10;-1;38;24
3148;15;10;-1;38;106
3149;15;10;-1;38;36
3150;15;10;-1;38;21
3151;15;10;-1;38;98
3152;15;10;-1;38;49
3153;15;10;-1;38;28
3154;11;8;-1;34;37
3155;11;8;-1;34;24
3156;11;8;-1;34;16
3157;11;8;-1;34;13
3158;11;8;-1;34;4
3159;11;8;-1;34;32
3160;11;8;-1;34;21
3161;11;8;-1;34;54
3162;11;8;-1;34;79
3163;11;8;-1;34;5
3164;11;8;-1;34;14
3165;13;9;-1;35;24
3166;13;9;-1;35;82
3167;13;9;-1;35;47
3168;13;9;-1;35;12
3169;13;9;-1;35;60
3170;13;9;-1;35;15
3171;15;10;-1;38;42
3172;15;10;-1;38;0
3173;15;10;-1;38;7
3174;12;10;-1;38;54
3175;13;9;-1;35;50
3176;13;9;-1;35;91
3177;13;9;-1;35;31
3178;13;9;-1;35;50
3179;13;9;-1;35;44
3180;13;9;-1;35;58
3181;13;9;-1;35;79
3182;13;9;-1;35;61
3183;13;9;-1;35;83
3184;13;9;-1;35;42
3185;13;9;-1;35;35
3186;13;9;-1;35;36
3187;13;9;-1;35;67
3188;13;9;-1;35;70
3189;13;9;-1;35;118
3190;13;9;-1;35;94
3191;13;9;-1;35;83
3192;13;9;-1;35;117
3193;13;9;-1;35;59
3194;13;9;-1;35;36
3195;13;9;-1;35;33
3196;13;9;-1;35;44
3197;13;9;-1;35;51
3198;13;9;-1;35;3
3199;13;9;-1;35;5
3200;13;9;-1;35;56
3201;13;9;-1;35;31
3202;13;9;-1;35;42
3203;13;9;-1;35;48
3204;13;9;-1;35;5
3205;13;9;-1;35;26
3206;13;9;-1;35;49
3207;13;9;-1;35;62
3208;13;9;-1;35;22
3209;13;9;-1;35;35
3210;13;9;-1;35;29
3211;13;9;-1;35;54
3212;13;9;-1;35;56
3213;13;9;-1;35;28
3214;14;10;-1;38;36
3215;14;10;-1;38;28
3216;15;10;-1;38;22
3217;15;10;-1;38;5
3218;15;10;-1;38;6
3219;15;10;-1;38;29
3220;15;10;-1;38;22
3221;15;10;-1;38;41
3222;15;10;-1;38;9
3223;15;10;-1;38;0
3224;15;10;-1;38;18
3225;15;10;-1;38;0
3226;15;10;-1;38;5
3227;15;10;-1;38;14
3228;15;10;-1;38;2
3229;15;10;-1;38;39
3230;15;10;-1;38;34
3231;15;10;-1;38;22
3232;15;10;-1;38;13
3233;15;10;-1;38;11
3234;15;10;-1;38;13
3235;15;10;-1;38;32
3236;15;10;-1;38;20
3237;15;10;-1;38;7
3238;15;10;-1;38;7
3239;15;10;-1;38;1
3240;15;10;-1;38;3
3241;15;10;-1;38;5
3242;15;10;-1;38;5
3243;15;10;-1;38;4
3244;15;10;-1;38;4
3245;15;10;-1;38;2
3246;15;10;-1;38;1
3247;15;10;-1;38;4
3248;15;10;-1;38;4
3249;15;10;-1;38;3
3250;15;10;-1;38;15
3251;15;10;-1;38;4
3252;15;10;-1;38;10
3253;15;10;-1;38;5
3254;15;10;-1;38;6
3255;15;10;-1;38;5
3256;15;10;-1;38;5
3257;15;10;-1;38;4
3258;15;10;-1;38;12
3259;15;10;-1;38;2
3260;14;10;-1;38;52
3261;14;10;-1;38;63
3262;14;10;-1;38;47
3263;14;10;-1;38;53
3264;14;10;-1;38;13
3265;14;10;-1;38;67
3266;15;10;-1;38;3
3267;15;10;-1;38;2
3268;15;10;-1;38;0
3269;15;10;-1;38;3
3270;15;10;-1;38;14
3271;15;10;-1;38;4
3272;15;10;-1;38;6
3273;15;10;-1;38;22
3274;15;10;-1;38;27
3275;15;10;-1;38;37
3276;15;10;-1;38;43
3277;15;10;-1;38;4
3278;15;10;-1;38;5
3279;15;10;-1;38;2
3280;15;10;-1;38;30
3281;15;10;-1;38;16
3282;15;10;-1;38;5
3283;15;10;-1;38;9
3284;15;10;-1;38;6
3285;15;10;-1;38;5
3286;15;10;-1;38;4
3287;15;10;-1;38;11
3288;15;10;-1;38;2
3289;15;10;-1;38;5
3290;15;10;-1;38;16
3291;15;10;-1;38;16
3292;15;10;-1;38;52
3293;15;10;-1;38;36
3294;15;10;-1;38;28
3295;15;10;-1;38;15
3296;15;10;-1;38;12
3297;15;10;-1;38;18
3298;15;10;-1;38;19
3299;15;10;-1;38;19
3300;15;10;-1;38;17
3301;15;10;-1;38;9
3302;15;10;-1;38;31
3303;15;10;-1;38;45
3304;15;10;-1;38;28
3305;15;10;-1;38;38
3306;15;10;-1;38;31
3307;15;10;-1;38;35
3308;15;10;-1;38;27
3309;15;10;-1;38;36
3310;15;10;-1;38;0
3311;15;10;-1;38;13
3312;15;10;-1;38;55
3313;15;10;-1;38;47
3314;15;10;-1;38;34
3315;15;10;-1;38;2
3316;15;10;-1;38;1
3317;15;10;-1;38;19
3318;15;10;-1;38;0
3319;15;10;-1;38;5
3320;15;10;-1;38;22
3321;15;10;-1;38;20
3322;15;10;-1;38;31
3323;15;10;-1;38;38
3324;15;10;-1;38;30
3325;15;10;-1;38;0
3326;15;10;-1;38;42
3327;15;10;-1;38;43
3328;15;10;-1;38;24
3329;15;10;-1;38;14
3330;15;10;-1;38;3
3331;15;10;-1;38;2
3332;15;10;-1;38;1
3333;15;10;-1;38;-1
3334;15;10;-1;38;-1
3335;15;10;-1;38;6
3336;15;10;-1;38;0
3337;15;10;-1;38;10
3338;15;10;-1;38;1
3339;15;10;-1;38;2
3340;15;10;-1;38;1
3341;15;10;-1;38;3
3342;15;10;-1;38;20
3343;15;10;-1;38;4
3344;15;10;-1;38;0
3345;15;10;-1;38;13
3346;15;10;-1;38;0
3347;15;10;-1;38;19
3348;15;10;-1;38;-1
3349;15;10;-1;38;2
3350;15;10;-1;38;0
3351;15;10;-1;38;6
3352;15;10;-1;38;20
3353;15;10;-1;38;9
3354;15;10;-1;38;10
3355;15;10;-1;38;9
3356;15;10;-1;38;23
3357;15;10;-1;38;4
3358;15;10;-1;38;-2
3359;15;10;-1;38;42
3360;15;10;-1;38;0
3361;15;10;-1;38;6
3362;15;10;-1;38;16
3363;15;10;-1;38;74
3364;15;10;-1;38;36
3365;15;10;-1;38;28
3366;15;10;-1;38;4
3367;15;10;-1;38;35
3368;15;10;-1;38;5
3369;15;10;-1;38;3
3370;15;10;-1;38;5
3371;15;10;-1;38;0
3372;15;10;-1;38;30
3373;15;10;-1;38;20
3374;15;10;-1;38;9
3375;15;10;-1;38;1
3376;15;10;-1;38;19
3377;15;10;-1;38;33
3378;15;10;-1;38;16
3379;15;10;-1;38;4
3380;15;10;-1;38;2
3381;15;10;-1;38;48
3382;15;10;-1;38;5
3383;15;10;-1;38;7
3384;15;10;-1;38;2
3385;15;10;-1;38;20
3386;15;10;-1;38;46
3387;15;10;-1;38;4
3388;15;10;-1;38;23
3389;15;10;-1;38;42
3390;15;10;-1;38;23
3391;15;10;-1;38;20
3392;15;10;-1;38;26
3393;15;10;-1;38;9
3394;15;10;-1;38;11
3395;15;10;-1;38;34
3396;15;10;-1;38;24
3397;15;10;-1;38;46
3398;15;10;-1;38;64
3399;15;10;-1;38;50
3400;15;10;-1;38;23
3401;15;10;-1;38;6
3402;15;10;-1;38;43
3403;15;10;-1;38;74
3404;15;10;-1;38;62
3405;15;10;-1;38;26
3406;15;10;-1;38;20
3407;15;10;-1;38;25
3408;15;10;-1;38;12
3409;15;10;-1;38;16
3410;15;10;-1;38;39
3411;15;10;-1;38;12
3412;15;10;-1;38;44
3413;15;10;-1;38;33
3414;15;10;-1;38;3
3415;15;10;-1;38;31
3416;15;10;-1;38;39
3417;15;10;-1;38;24
3418;15;10;-1;38;28
3419;15;10;-1;38;15
3420;15;10;-1;38;15
3421;15;10;-1;38;18
3422;15;10;-1;38;15
3423;15;10;-1;38;17
3424;15;10;-1;38;22
3425;15;10;-1;38;19
3426;15;10;-1;38;17
3427;15;10;-1;38;9
3428;15;10;-1;38;33
3429;15;10;-1;38;30
3430;15;10;-1;38;29
3431;15;10;-1;38;5
3432;15;10;-1;38;14
3433;15;10;-1;38;26
3434;15;10;-1;38;25
3435;15;10;-1;38;9
3436;15;10;-1;38;7
3437;15;10;-1;38;10
3438;15;10;-1;38;12
3439;15;10;-1;38;11
3440;15;10;-1;38;13
3441;15;10;-1;38;6
3442;15;10;-1;38;11
3443;15;10;-1;38;17
3444;15;10;-1;38;21
3445;15;10;-1;38;18
3446;15;10;-1;38;57
3447;15;10;-1;38;49
3448;15;10;-1;38;41
3449;15;10;-1;38;19
3450;15;10;-1;38;12
3451;15;10;-1;38;40
3452;15;10;-1;38;60
3453;15;10;-1;38;76
3454;15;10;-1;38;67
3455;15;10;-1;38;21
3456;15;10;-1;38;25
3457;15;10;-1;38;78
3458;15;10;-1;38;88
3459;15;10;-1;38;72
3460;15;10;-1;38;84
3461;15;10;-1;38;81
3462;15;10;-1;38;38
3463;15;10;-1;38;71
3464;15;10;-1;38;49
3465;15;10;-1;38;22
3466;15;10;-1;38;47
3467;15;10;-1;38;25
3468;15;10;-1;38;66
3469;15;10;-1;38;72
3470;15;10;-1;38;89
3471;15;10;-1;38;69
3472;15;10;-1;38;87
3473;15;10;-1;38;80
3474;15;10;-1;38;104
3475;15;10;-1;38;106
3476;15;10;-1;38;62
3477;15;10;-1;38;43
3478;15;10;-1;38;35
3479;15;10;-1;38;27
3480;15;10;-1;38;56
3481;15;10;-1;38;61
3482;15;10;-1;38;74
3483;15;10;-1;38;21
3484;15;10;-1;38;18
3485;15;10;-1;38;10
3486;15;10;-1;38;15
3487;15;10;-1;38;29
3488;15;10;-1;38;20
3489;15;10;-1;38;12
3490;15;10;-1;38;11
3491;15;10;-1;38;12
3492;15;10;-1;38;9
3493;15;10;-1;38;11
3494;15;10;-1;38;31
3495;15;10;-1;38;65
3496;15;10;-1;38;14
3497;15;10;-1;38;12
3498;15;10;-1;38;2
3499;15;10;-1;38;5
3500;15;10;-1;38;25
3501;15;10;-1;38;45
3502;15;10;-1;38;16
